kode_provinsi,nama_provinsi,jenis_sarana_kesehatan,tahun,jumlah
11,"Prov. Nanggroe Aceh Darussalam","Polindes",2000,2938
11,"Prov. Nanggroe Aceh Darussalam","Polindes",2001,1075
11,"Prov. Nanggroe Aceh Darussalam","Polindes",2002,3358
11,"Prov. Nanggroe Aceh Darussalam","Polindes",2003,0
11,"Prov. Nanggroe Aceh Darussalam","Polindes",2004,1929
11,"Prov. Nanggroe Aceh Darussalam","Polindes",2005,2034
11,"Prov. Nanggroe Aceh Darussalam","Polindes",2006,1473
11,"Prov. Nanggroe Aceh Darussalam","Polindes",2007,1473
11,"Prov. Nanggroe Aceh Darussalam","Polindes",2008,1951
11,"Prov. Nanggroe Aceh Darussalam","Polindes",2009,0
11,"Prov. Nanggroe Aceh Darussalam","Polindes",2010,0
11,"Prov. Nanggroe Aceh Darussalam","Polindes",2011,0
11,"Prov. Nanggroe Aceh Darussalam","Polindes",2012,0
11,"Prov. Nanggroe Aceh Darussalam","Posyandu",2000,5368
11,"Prov. Nanggroe Aceh Darussalam","Posyandu",2001,3412
11,"Prov. Nanggroe Aceh Darussalam","Posyandu",2002,5796
11,"Prov. Nanggroe Aceh Darussalam","Posyandu",2003,4875
11,"Prov. Nanggroe Aceh Darussalam","Posyandu",2004,4875
11,"Prov. Nanggroe Aceh Darussalam","Posyandu",2005,5019
11,"Prov. Nanggroe Aceh Darussalam","Posyandu",2006,5576
11,"Prov. Nanggroe Aceh Darussalam","Posyandu",2007,5576
11,"Prov. Nanggroe Aceh Darussalam","Posyandu",2008,4824
11,"Prov. Nanggroe Aceh Darussalam","Posyandu",2009,7039
11,"Prov. Nanggroe Aceh Darussalam","Posyandu",2010,7039
11,"Prov. Nanggroe Aceh Darussalam","Posyandu",2011,7039
11,"Prov. Nanggroe Aceh Darussalam","Posyandu",2012,7039
11,"Prov. Nanggroe Aceh Darussalam","Puskesmas",2000,219
11,"Prov. Nanggroe Aceh Darussalam","Puskesmas",2001,219
11,"Prov. Nanggroe Aceh Darussalam","Puskesmas",2002,230
11,"Prov. Nanggroe Aceh Darussalam","Puskesmas",2003,240
11,"Prov. Nanggroe Aceh Darussalam","Puskesmas",2004,240
11,"Prov. Nanggroe Aceh Darussalam","Puskesmas",2005,266
11,"Prov. Nanggroe Aceh Darussalam","Puskesmas",2006,274
11,"Prov. Nanggroe Aceh Darussalam","Puskesmas",2007,311
11,"Prov. Nanggroe Aceh Darussalam","Puskesmas",2008,301
11,"Prov. Nanggroe Aceh Darussalam","Puskesmas",2009,309
11,"Prov. Nanggroe Aceh Darussalam","Puskesmas",2010,309
11,"Prov. Nanggroe Aceh Darussalam","Puskesmas",2011,309
11,"Prov. Nanggroe Aceh Darussalam","Puskesmas",2012,309
11,"Prov. Nanggroe Aceh Darussalam","Pustu",2000,762
11,"Prov. Nanggroe Aceh Darussalam","Pustu",2001,778
11,"Prov. Nanggroe Aceh Darussalam","Pustu",2002,821
11,"Prov. Nanggroe Aceh Darussalam","Pustu",2003,824
11,"Prov. Nanggroe Aceh Darussalam","Pustu",2004,739
11,"Prov. Nanggroe Aceh Darussalam","Pustu",2005,733
11,"Prov. Nanggroe Aceh Darussalam","Pustu",2006,0
11,"Prov. Nanggroe Aceh Darussalam","Pustu",2007,0
11,"Prov. Nanggroe Aceh Darussalam","Pustu",2008,843
11,"Prov. Nanggroe Aceh Darussalam","Pustu",2009,919
11,"Prov. Nanggroe Aceh Darussalam","Pustu",2010,919
11,"Prov. Nanggroe Aceh Darussalam","Pustu",2011,919
11,"Prov. Nanggroe Aceh Darussalam","Pustu",2012,919
12,"Prov. Sumatera Utara","Polindes",2000,644
12,"Prov. Sumatera Utara","Polindes",2001,2141
12,"Prov. Sumatera Utara","Polindes",2002,664
12,"Prov. Sumatera Utara","Polindes",2003,2204
12,"Prov. Sumatera Utara","Polindes",2004,2744
12,"Prov. Sumatera Utara","Polindes",2005,2608
12,"Prov. Sumatera Utara","Polindes",2006,644
12,"Prov. Sumatera Utara","Polindes",2007,644
12,"Prov. Sumatera Utara","Polindes",2008,1965
12,"Prov. Sumatera Utara","Polindes",2009,0
12,"Prov. Sumatera Utara","Polindes",2010,0
12,"Prov. Sumatera Utara","Polindes",2011,0
12,"Prov. Sumatera Utara","Polindes",2012,0
12,"Prov. Sumatera Utara","Posyandu",2000,15077
12,"Prov. Sumatera Utara","Posyandu",2001,9904
12,"Prov. Sumatera Utara","Posyandu",2002,15077
12,"Prov. Sumatera Utara","Posyandu",2003,14974
12,"Prov. Sumatera Utara","Posyandu",2004,14974
12,"Prov. Sumatera Utara","Posyandu",2005,13721
12,"Prov. Sumatera Utara","Posyandu",2006,22190
12,"Prov. Sumatera Utara","Posyandu",2007,22190
12,"Prov. Sumatera Utara","Posyandu",2008,5189
12,"Prov. Sumatera Utara","Posyandu",2009,13861
12,"Prov. Sumatera Utara","Posyandu",2010,13861
12,"Prov. Sumatera Utara","Posyandu",2011,13861
12,"Prov. Sumatera Utara","Posyandu",2012,13861
12,"Prov. Sumatera Utara","Puskesmas",2000,399
12,"Prov. Sumatera Utara","Puskesmas",2001,404
12,"Prov. Sumatera Utara","Puskesmas",2002,411
12,"Prov. Sumatera Utara","Puskesmas",2003,388
12,"Prov. Sumatera Utara","Puskesmas",2004,423
12,"Prov. Sumatera Utara","Puskesmas",2005,426
12,"Prov. Sumatera Utara","Puskesmas",2006,445
12,"Prov. Sumatera Utara","Puskesmas",2007,463
12,"Prov. Sumatera Utara","Puskesmas",2008,495
12,"Prov. Sumatera Utara","Puskesmas",2009,500
12,"Prov. Sumatera Utara","Puskesmas",2010,500
12,"Prov. Sumatera Utara","Puskesmas",2011,500
12,"Prov. Sumatera Utara","Puskesmas",2012,500
12,"Prov. Sumatera Utara","Pustu",2000,1766
12,"Prov. Sumatera Utara","Pustu",2001,1782
12,"Prov. Sumatera Utara","Pustu",2002,1789
12,"Prov. Sumatera Utara","Pustu",2003,1578
12,"Prov. Sumatera Utara","Pustu",2004,1883
12,"Prov. Sumatera Utara","Pustu",2005,1784
12,"Prov. Sumatera Utara","Pustu",2006,0
12,"Prov. Sumatera Utara","Pustu",2007,0
12,"Prov. Sumatera Utara","Pustu",2008,1798
12,"Prov. Sumatera Utara","Pustu",2009,1797
12,"Prov. Sumatera Utara","Pustu",2010,1797
12,"Prov. Sumatera Utara","Pustu",2011,1797
12,"Prov. Sumatera Utara","Pustu",2012,1797
13,"Prov. Sumatera Barat","Polindes",2000,1510
13,"Prov. Sumatera Barat","Polindes",2001,1183
13,"Prov. Sumatera Barat","Polindes",2002,1440
13,"Prov. Sumatera Barat","Polindes",2003,1315
13,"Prov. Sumatera Barat","Polindes",2004,733
13,"Prov. Sumatera Barat","Polindes",2005,748
13,"Prov. Sumatera Barat","Polindes",2006,834
13,"Prov. Sumatera Barat","Polindes",2007,834
13,"Prov. Sumatera Barat","Polindes",2008,449
13,"Prov. Sumatera Barat","Polindes",2009,0
13,"Prov. Sumatera Barat","Polindes",2010,0
13,"Prov. Sumatera Barat","Polindes",2011,0
13,"Prov. Sumatera Barat","Polindes",2012,0
13,"Prov. Sumatera Barat","Posyandu",2000,6651
13,"Prov. Sumatera Barat","Posyandu",2001,4447
13,"Prov. Sumatera Barat","Posyandu",2002,6606
13,"Prov. Sumatera Barat","Posyandu",2003,6163
13,"Prov. Sumatera Barat","Posyandu",2004,5978
13,"Prov. Sumatera Barat","Posyandu",2005,4485
13,"Prov. Sumatera Barat","Posyandu",2006,6680
13,"Prov. Sumatera Barat","Posyandu",2007,6680
13,"Prov. Sumatera Barat","Posyandu",2008,913
13,"Prov. Sumatera Barat","Posyandu",2009,6680
13,"Prov. Sumatera Barat","Posyandu",2010,6680
13,"Prov. Sumatera Barat","Posyandu",2011,6680
13,"Prov. Sumatera Barat","Posyandu",2012,6680
13,"Prov. Sumatera Barat","Puskesmas",2000,203
13,"Prov. Sumatera Barat","Puskesmas",2001,203
13,"Prov. Sumatera Barat","Puskesmas",2002,204
13,"Prov. Sumatera Barat","Puskesmas",2003,206
13,"Prov. Sumatera Barat","Puskesmas",2004,210
13,"Prov. Sumatera Barat","Puskesmas",2005,214
13,"Prov. Sumatera Barat","Puskesmas",2006,224
13,"Prov. Sumatera Barat","Puskesmas",2007,228
13,"Prov. Sumatera Barat","Puskesmas",2008,227
13,"Prov. Sumatera Barat","Puskesmas",2009,242
13,"Prov. Sumatera Barat","Puskesmas",2010,242
13,"Prov. Sumatera Barat","Puskesmas",2011,242
13,"Prov. Sumatera Barat","Puskesmas",2012,242
13,"Prov. Sumatera Barat","Pustu",2000,824
13,"Prov. Sumatera Barat","Pustu",2001,837
13,"Prov. Sumatera Barat","Pustu",2002,825
13,"Prov. Sumatera Barat","Pustu",2003,834
13,"Prov. Sumatera Barat","Pustu",2004,815
13,"Prov. Sumatera Barat","Pustu",2005,843
13,"Prov. Sumatera Barat","Pustu",2006,0
13,"Prov. Sumatera Barat","Pustu",2007,0
13,"Prov. Sumatera Barat","Pustu",2008,573
13,"Prov. Sumatera Barat","Pustu",2009,822
13,"Prov. Sumatera Barat","Pustu",2010,822
13,"Prov. Sumatera Barat","Pustu",2011,822
13,"Prov. Sumatera Barat","Pustu",2012,822
14,"Prov. Riau","Polindes",2000,426
14,"Prov. Riau","Polindes",2001,206
14,"Prov. Riau","Polindes",2002,353
14,"Prov. Riau","Polindes",2003,294
14,"Prov. Riau","Polindes",2004,226
14,"Prov. Riau","Polindes",2005,224
14,"Prov. Riau","Polindes",2006,197
14,"Prov. Riau","Polindes",2007,197
14,"Prov. Riau","Polindes",2008,314
14,"Prov. Riau","Polindes",2009,0
14,"Prov. Riau","Polindes",2010,0
14,"Prov. Riau","Polindes",2011,0
14,"Prov. Riau","Polindes",2012,0
14,"Prov. Riau","Posyandu",2000,3955
14,"Prov. Riau","Posyandu",2001,2879
14,"Prov. Riau","Posyandu",2002,4020
14,"Prov. Riau","Posyandu",2003,4281
14,"Prov. Riau","Posyandu",2004,3826
14,"Prov. Riau","Posyandu",2005,3092
14,"Prov. Riau","Posyandu",2006,4333
14,"Prov. Riau","Posyandu",2007,4333
14,"Prov. Riau","Posyandu",2008,1585
14,"Prov. Riau","Posyandu",2009,4679
14,"Prov. Riau","Posyandu",2010,4679
14,"Prov. Riau","Posyandu",2011,4679
14,"Prov. Riau","Posyandu",2012,4679
14,"Prov. Riau","Puskesmas",2000,148
14,"Prov. Riau","Puskesmas",2001,157
14,"Prov. Riau","Puskesmas",2002,167
14,"Prov. Riau","Puskesmas",2003,187
14,"Prov. Riau","Puskesmas",2004,146
14,"Prov. Riau","Puskesmas",2005,150
14,"Prov. Riau","Puskesmas",2006,154
14,"Prov. Riau","Puskesmas",2007,156
14,"Prov. Riau","Puskesmas",2008,183
14,"Prov. Riau","Puskesmas",2009,176
14,"Prov. Riau","Puskesmas",2010,176
14,"Prov. Riau","Puskesmas",2011,176
14,"Prov. Riau","Puskesmas",2012,176
14,"Prov. Riau","Pustu",2000,648
14,"Prov. Riau","Pustu",2001,667
14,"Prov. Riau","Pustu",2002,704
14,"Prov. Riau","Pustu",2003,853
14,"Prov. Riau","Pustu",2004,651
14,"Prov. Riau","Pustu",2005,652
14,"Prov. Riau","Pustu",2006,0
14,"Prov. Riau","Pustu",2007,0
14,"Prov. Riau","Pustu",2008,806
14,"Prov. Riau","Pustu",2009,668
14,"Prov. Riau","Pustu",2010,668
14,"Prov. Riau","Pustu",2011,668
14,"Prov. Riau","Pustu",2012,668
15,"Prov. Jambi","Polindes",2000,64
15,"Prov. Jambi","Polindes",2001,41
15,"Prov. Jambi","Polindes",2002,61
15,"Prov. Jambi","Polindes",2003,77
15,"Prov. Jambi","Polindes",2004,123
15,"Prov. Jambi","Polindes",2005,166
15,"Prov. Jambi","Polindes",2006,77
15,"Prov. Jambi","Polindes",2007,77
15,"Prov. Jambi","Polindes",2008,169
15,"Prov. Jambi","Polindes",2009,0
15,"Prov. Jambi","Polindes",2010,0
15,"Prov. Jambi","Polindes",2011,0
15,"Prov. Jambi","Polindes",2012,0
15,"Prov. Jambi","Posyandu",2000,2963
15,"Prov. Jambi","Posyandu",2001,2975
15,"Prov. Jambi","Posyandu",2002,2556
15,"Prov. Jambi","Posyandu",2003,2622
15,"Prov. Jambi","Posyandu",2004,2974
15,"Prov. Jambi","Posyandu",2005,2268
15,"Prov. Jambi","Posyandu",2006,2882
15,"Prov. Jambi","Posyandu",2007,2882
15,"Prov. Jambi","Posyandu",2008,1266
15,"Prov. Jambi","Posyandu",2009,2992
15,"Prov. Jambi","Posyandu",2010,2992
15,"Prov. Jambi","Posyandu",2011,2992
15,"Prov. Jambi","Posyandu",2012,2992
15,"Prov. Jambi","Puskesmas",2000,126
15,"Prov. Jambi","Puskesmas",2001,123
15,"Prov. Jambi","Puskesmas",2002,130
15,"Prov. Jambi","Puskesmas",2003,127
15,"Prov. Jambi","Puskesmas",2004,47
15,"Prov. Jambi","Puskesmas",2005,135
15,"Prov. Jambi","Puskesmas",2006,140
15,"Prov. Jambi","Puskesmas",2007,148
15,"Prov. Jambi","Puskesmas",2008,158
15,"Prov. Jambi","Puskesmas",2009,163
15,"Prov. Jambi","Puskesmas",2010,163
15,"Prov. Jambi","Puskesmas",2011,163
15,"Prov. Jambi","Puskesmas",2012,163
15,"Prov. Jambi","Pustu",2000,565
15,"Prov. Jambi","Pustu",2001,630
15,"Prov. Jambi","Pustu",2002,628
15,"Prov. Jambi","Pustu",2003,634
15,"Prov. Jambi","Pustu",2004,588
15,"Prov. Jambi","Pustu",2005,575
15,"Prov. Jambi","Pustu",2006,0
15,"Prov. Jambi","Pustu",2007,0
15,"Prov. Jambi","Pustu",2008,595
15,"Prov. Jambi","Pustu",2009,547
15,"Prov. Jambi","Pustu",2010,547
15,"Prov. Jambi","Pustu",2011,547
15,"Prov. Jambi","Pustu",2012,547
16,"Prov. Sumatera Selatan","Polindes",2000,0
16,"Prov. Sumatera Selatan","Polindes",2001,946
16,"Prov. Sumatera Selatan","Polindes",2002,1984
16,"Prov. Sumatera Selatan","Polindes",2003,1991
16,"Prov. Sumatera Selatan","Polindes",2004,1438
16,"Prov. Sumatera Selatan","Polindes",2005,1570
16,"Prov. Sumatera Selatan","Polindes",2006,1499
16,"Prov. Sumatera Selatan","Polindes",2007,1499
16,"Prov. Sumatera Selatan","Polindes",2008,1121
16,"Prov. Sumatera Selatan","Polindes",2009,0
16,"Prov. Sumatera Selatan","Polindes",2010,0
16,"Prov. Sumatera Selatan","Polindes",2011,0
16,"Prov. Sumatera Selatan","Polindes",2012,0
16,"Prov. Sumatera Selatan","Posyandu",2000,7796
16,"Prov. Sumatera Selatan","Posyandu",2001,4289
16,"Prov. Sumatera Selatan","Posyandu",2002,5409
16,"Prov. Sumatera Selatan","Posyandu",2003,6123
16,"Prov. Sumatera Selatan","Posyandu",2004,5902
16,"Prov. Sumatera Selatan","Posyandu",2005,5841
16,"Prov. Sumatera Selatan","Posyandu",2006,5786
16,"Prov. Sumatera Selatan","Posyandu",2007,5786
16,"Prov. Sumatera Selatan","Posyandu",2008,3036
16,"Prov. Sumatera Selatan","Posyandu",2009,5775
16,"Prov. Sumatera Selatan","Posyandu",2010,5775
16,"Prov. Sumatera Selatan","Posyandu",2011,5775
16,"Prov. Sumatera Selatan","Posyandu",2012,5775
16,"Prov. Sumatera Selatan","Puskesmas",2000,227
16,"Prov. Sumatera Selatan","Puskesmas",2001,227
16,"Prov. Sumatera Selatan","Puskesmas",2002,214
16,"Prov. Sumatera Selatan","Puskesmas",2003,235
16,"Prov. Sumatera Selatan","Puskesmas",2004,132
16,"Prov. Sumatera Selatan","Puskesmas",2005,242
16,"Prov. Sumatera Selatan","Puskesmas",2006,249
16,"Prov. Sumatera Selatan","Puskesmas",2007,259
16,"Prov. Sumatera Selatan","Puskesmas",2008,278
16,"Prov. Sumatera Selatan","Puskesmas",2009,284
16,"Prov. Sumatera Selatan","Puskesmas",2010,284
16,"Prov. Sumatera Selatan","Puskesmas",2011,284
16,"Prov. Sumatera Selatan","Puskesmas",2012,284
16,"Prov. Sumatera Selatan","Pustu",2000,865
16,"Prov. Sumatera Selatan","Pustu",2001,879
16,"Prov. Sumatera Selatan","Pustu",2002,853
16,"Prov. Sumatera Selatan","Pustu",2003,891
16,"Prov. Sumatera Selatan","Pustu",2004,903
16,"Prov. Sumatera Selatan","Pustu",2005,914
16,"Prov. Sumatera Selatan","Pustu",2006,0
16,"Prov. Sumatera Selatan","Pustu",2007,0
16,"Prov. Sumatera Selatan","Pustu",2008,914
16,"Prov. Sumatera Selatan","Pustu",2009,937
16,"Prov. Sumatera Selatan","Pustu",2010,937
16,"Prov. Sumatera Selatan","Pustu",2011,937
16,"Prov. Sumatera Selatan","Pustu",2012,937
17,"Prov. Bengkulu","Polindes",2000,653
17,"Prov. Bengkulu","Polindes",2001,507
17,"Prov. Bengkulu","Polindes",2002,653
17,"Prov. Bengkulu","Polindes",2003,711
17,"Prov. Bengkulu","Polindes",2004,636
17,"Prov. Bengkulu","Polindes",2005,542
17,"Prov. Bengkulu","Polindes",2006,653
17,"Prov. Bengkulu","Polindes",2007,653
17,"Prov. Bengkulu","Polindes",2008,217
17,"Prov. Bengkulu","Polindes",2009,0
17,"Prov. Bengkulu","Polindes",2010,0
17,"Prov. Bengkulu","Polindes",2011,0
17,"Prov. Bengkulu","Polindes",2012,0
17,"Prov. Bengkulu","Posyandu",2000,1772
17,"Prov. Bengkulu","Posyandu",2001,1768
17,"Prov. Bengkulu","Posyandu",2002,1520
17,"Prov. Bengkulu","Posyandu",2003,1714
17,"Prov. Bengkulu","Posyandu",2004,1695
17,"Prov. Bengkulu","Posyandu",2005,1712
17,"Prov. Bengkulu","Posyandu",2006,1713
17,"Prov. Bengkulu","Posyandu",2007,1713
17,"Prov. Bengkulu","Posyandu",2008,1326
17,"Prov. Bengkulu","Posyandu",2009,1812
17,"Prov. Bengkulu","Posyandu",2010,1812
17,"Prov. Bengkulu","Posyandu",2011,1812
17,"Prov. Bengkulu","Posyandu",2012,1812
17,"Prov. Bengkulu","Puskesmas",2000,112
17,"Prov. Bengkulu","Puskesmas",2001,112
17,"Prov. Bengkulu","Puskesmas",2002,112
17,"Prov. Bengkulu","Puskesmas",2003,112
17,"Prov. Bengkulu","Puskesmas",2004,250
17,"Prov. Bengkulu","Puskesmas",2005,113
17,"Prov. Bengkulu","Puskesmas",2006,126
17,"Prov. Bengkulu","Puskesmas",2007,140
17,"Prov. Bengkulu","Puskesmas",2008,142
17,"Prov. Bengkulu","Puskesmas",2009,167
17,"Prov. Bengkulu","Puskesmas",2010,167
17,"Prov. Bengkulu","Puskesmas",2011,167
17,"Prov. Bengkulu","Puskesmas",2012,167
17,"Prov. Bengkulu","Pustu",2000,476
17,"Prov. Bengkulu","Pustu",2001,478
17,"Prov. Bengkulu","Pustu",2002,479
17,"Prov. Bengkulu","Pustu",2003,478
17,"Prov. Bengkulu","Pustu",2004,487
17,"Prov. Bengkulu","Pustu",2005,481
17,"Prov. Bengkulu","Pustu",2006,0
17,"Prov. Bengkulu","Pustu",2007,0
17,"Prov. Bengkulu","Pustu",2008,457
17,"Prov. Bengkulu","Pustu",2009,497
17,"Prov. Bengkulu","Pustu",2010,497
17,"Prov. Bengkulu","Pustu",2011,497
17,"Prov. Bengkulu","Pustu",2012,497
18,"Prov. Lampung","Polindes",2000,1087
18,"Prov. Lampung","Polindes",2001,702
18,"Prov. Lampung","Polindes",2002,1142
18,"Prov. Lampung","Polindes",2003,1114
18,"Prov. Lampung","Polindes",2004,712
18,"Prov. Lampung","Polindes",2005,717
18,"Prov. Lampung","Polindes",2006,1062
18,"Prov. Lampung","Polindes",2007,1062
18,"Prov. Lampung","Polindes",2008,385
18,"Prov. Lampung","Polindes",2009,0
18,"Prov. Lampung","Polindes",2010,0
18,"Prov. Lampung","Polindes",2011,0
18,"Prov. Lampung","Polindes",2012,0
18,"Prov. Lampung","Posyandu",2000,6981
18,"Prov. Lampung","Posyandu",2001,3829
18,"Prov. Lampung","Posyandu",2002,6999
18,"Prov. Lampung","Posyandu",2003,6977
18,"Prov. Lampung","Posyandu",2004,6977
18,"Prov. Lampung","Posyandu",2005,7264
18,"Prov. Lampung","Posyandu",2006,7380
18,"Prov. Lampung","Posyandu",2007,7380
18,"Prov. Lampung","Posyandu",2008,2324
18,"Prov. Lampung","Posyandu",2009,7480
18,"Prov. Lampung","Posyandu",2010,7480
18,"Prov. Lampung","Posyandu",2011,7480
18,"Prov. Lampung","Posyandu",2012,7480
18,"Prov. Lampung","Puskesmas",2000,198
18,"Prov. Lampung","Puskesmas",2001,204
18,"Prov. Lampung","Puskesmas",2002,211
18,"Prov. Lampung","Puskesmas",2003,219
18,"Prov. Lampung","Puskesmas",2004,113
18,"Prov. Lampung","Puskesmas",2005,224
18,"Prov. Lampung","Puskesmas",2006,235
18,"Prov. Lampung","Puskesmas",2007,248
18,"Prov. Lampung","Puskesmas",2008,253
18,"Prov. Lampung","Puskesmas",2009,264
18,"Prov. Lampung","Puskesmas",2010,264
18,"Prov. Lampung","Puskesmas",2011,264
18,"Prov. Lampung","Puskesmas",2012,264
18,"Prov. Lampung","Pustu",2000,684
18,"Prov. Lampung","Pustu",2001,685
18,"Prov. Lampung","Pustu",2002,688
18,"Prov. Lampung","Pustu",2003,704
18,"Prov. Lampung","Pustu",2004,704
18,"Prov. Lampung","Pustu",2005,710
18,"Prov. Lampung","Pustu",2006,0
18,"Prov. Lampung","Pustu",2007,0
18,"Prov. Lampung","Pustu",2008,781
18,"Prov. Lampung","Pustu",2009,733
18,"Prov. Lampung","Pustu",2010,733
18,"Prov. Lampung","Pustu",2011,733
18,"Prov. Lampung","Pustu",2012,733
19,"Prov. Kepulauan Bangka Belitung","Polindes",2000,0
19,"Prov. Kepulauan Bangka Belitung","Polindes",2001,69
19,"Prov. Kepulauan Bangka Belitung","Polindes",2002,0
19,"Prov. Kepulauan Bangka Belitung","Polindes",2003,183
19,"Prov. Kepulauan Bangka Belitung","Polindes",2004,197
19,"Prov. Kepulauan Bangka Belitung","Polindes",2005,200
19,"Prov. Kepulauan Bangka Belitung","Polindes",2006,199
19,"Prov. Kepulauan Bangka Belitung","Polindes",2007,199
19,"Prov. Kepulauan Bangka Belitung","Polindes",2008,193
19,"Prov. Kepulauan Bangka Belitung","Polindes",2009,0
19,"Prov. Kepulauan Bangka Belitung","Polindes",2010,0
19,"Prov. Kepulauan Bangka Belitung","Polindes",2011,0
19,"Prov. Kepulauan Bangka Belitung","Polindes",2012,0
19,"Prov. Kepulauan Bangka Belitung","Posyandu",2000,0
19,"Prov. Kepulauan Bangka Belitung","Posyandu",2001,358
19,"Prov. Kepulauan Bangka Belitung","Posyandu",2002,213
19,"Prov. Kepulauan Bangka Belitung","Posyandu",2003,958
19,"Prov. Kepulauan Bangka Belitung","Posyandu",2004,848
19,"Prov. Kepulauan Bangka Belitung","Posyandu",2005,868
19,"Prov. Kepulauan Bangka Belitung","Posyandu",2006,909
19,"Prov. Kepulauan Bangka Belitung","Posyandu",2007,909
19,"Prov. Kepulauan Bangka Belitung","Posyandu",2008,343
19,"Prov. Kepulauan Bangka Belitung","Posyandu",2009,948
19,"Prov. Kepulauan Bangka Belitung","Posyandu",2010,948
19,"Prov. Kepulauan Bangka Belitung","Posyandu",2011,948
19,"Prov. Kepulauan Bangka Belitung","Posyandu",2012,948
19,"Prov. Kepulauan Bangka Belitung","Puskesmas",2000,45
19,"Prov. Kepulauan Bangka Belitung","Puskesmas",2001,45
19,"Prov. Kepulauan Bangka Belitung","Puskesmas",2002,45
19,"Prov. Kepulauan Bangka Belitung","Puskesmas",2003,45
19,"Prov. Kepulauan Bangka Belitung","Puskesmas",2004,222
19,"Prov. Kepulauan Bangka Belitung","Puskesmas",2005,47
19,"Prov. Kepulauan Bangka Belitung","Puskesmas",2006,47
19,"Prov. Kepulauan Bangka Belitung","Puskesmas",2007,51
19,"Prov. Kepulauan Bangka Belitung","Puskesmas",2008,50
19,"Prov. Kepulauan Bangka Belitung","Puskesmas",2009,55
19,"Prov. Kepulauan Bangka Belitung","Puskesmas",2010,55
19,"Prov. Kepulauan Bangka Belitung","Puskesmas",2011,55
19,"Prov. Kepulauan Bangka Belitung","Puskesmas",2012,55
19,"Prov. Kepulauan Bangka Belitung","Pustu",2000,137
19,"Prov. Kepulauan Bangka Belitung","Pustu",2001,137
19,"Prov. Kepulauan Bangka Belitung","Pustu",2002,140
19,"Prov. Kepulauan Bangka Belitung","Pustu",2003,139
19,"Prov. Kepulauan Bangka Belitung","Pustu",2004,143
19,"Prov. Kepulauan Bangka Belitung","Pustu",2005,145
19,"Prov. Kepulauan Bangka Belitung","Pustu",2006,0
19,"Prov. Kepulauan Bangka Belitung","Pustu",2007,0
19,"Prov. Kepulauan Bangka Belitung","Pustu",2008,156
19,"Prov. Kepulauan Bangka Belitung","Pustu",2009,121
19,"Prov. Kepulauan Bangka Belitung","Pustu",2010,121
19,"Prov. Kepulauan Bangka Belitung","Pustu",2011,121
19,"Prov. Kepulauan Bangka Belitung","Pustu",2012,121
21,"Prov. Kepulauan Riau","Polindes",2000,0
21,"Prov. Kepulauan Riau","Polindes",2001,0
21,"Prov. Kepulauan Riau","Polindes",2002,0
21,"Prov. Kepulauan Riau","Polindes",2003,0
21,"Prov. Kepulauan Riau","Polindes",2004,227
21,"Prov. Kepulauan Riau","Polindes",2005,165
21,"Prov. Kepulauan Riau","Polindes",2006,227
21,"Prov. Kepulauan Riau","Polindes",2007,227
21,"Prov. Kepulauan Riau","Polindes",2008,151
21,"Prov. Kepulauan Riau","Polindes",2009,0
21,"Prov. Kepulauan Riau","Polindes",2010,0
21,"Prov. Kepulauan Riau","Polindes",2011,0
21,"Prov. Kepulauan Riau","Polindes",2012,0
21,"Prov. Kepulauan Riau","Posyandu",2000,0
21,"Prov. Kepulauan Riau","Posyandu",2001,0
21,"Prov. Kepulauan Riau","Posyandu",2002,0
21,"Prov. Kepulauan Riau","Posyandu",2003,0
21,"Prov. Kepulauan Riau","Posyandu",2004,0
21,"Prov. Kepulauan Riau","Posyandu",2005,817
21,"Prov. Kepulauan Riau","Posyandu",2006,503
21,"Prov. Kepulauan Riau","Posyandu",2007,503
21,"Prov. Kepulauan Riau","Posyandu",2008,322
21,"Prov. Kepulauan Riau","Posyandu",2009,903
21,"Prov. Kepulauan Riau","Posyandu",2010,903
21,"Prov. Kepulauan Riau","Posyandu",2011,903
21,"Prov. Kepulauan Riau","Posyandu",2012,903
21,"Prov. Kepulauan Riau","Puskesmas",2000,0
21,"Prov. Kepulauan Riau","Puskesmas",2001,0
21,"Prov. Kepulauan Riau","Puskesmas",2002,0
21,"Prov. Kepulauan Riau","Puskesmas",2003,0
21,"Prov. Kepulauan Riau","Puskesmas",2004,61
21,"Prov. Kepulauan Riau","Puskesmas",2005,41
21,"Prov. Kepulauan Riau","Puskesmas",2006,45
21,"Prov. Kepulauan Riau","Puskesmas",2007,51
21,"Prov. Kepulauan Riau","Puskesmas",2008,59
21,"Prov. Kepulauan Riau","Puskesmas",2009,61
21,"Prov. Kepulauan Riau","Puskesmas",2010,61
21,"Prov. Kepulauan Riau","Puskesmas",2011,61
21,"Prov. Kepulauan Riau","Puskesmas",2012,61
21,"Prov. Kepulauan Riau","Pustu",2000,0
21,"Prov. Kepulauan Riau","Pustu",2001,0
21,"Prov. Kepulauan Riau","Pustu",2002,0
21,"Prov. Kepulauan Riau","Pustu",2003,0
21,"Prov. Kepulauan Riau","Pustu",2004,217
21,"Prov. Kepulauan Riau","Pustu",2005,180
21,"Prov. Kepulauan Riau","Pustu",2006,0
21,"Prov. Kepulauan Riau","Pustu",2007,0
21,"Prov. Kepulauan Riau","Pustu",2008,200
21,"Prov. Kepulauan Riau","Pustu",2009,189
21,"Prov. Kepulauan Riau","Pustu",2010,189
21,"Prov. Kepulauan Riau","Pustu",2011,189
21,"Prov. Kepulauan Riau","Pustu",2012,189
31,"Prov. DKI Jakarta","Polindes",2000,7
31,"Prov. DKI Jakarta","Polindes",2001,8
31,"Prov. DKI Jakarta","Polindes",2002,0
31,"Prov. DKI Jakarta","Polindes",2003,96
31,"Prov. DKI Jakarta","Polindes",2004,0
31,"Prov. DKI Jakarta","Polindes",2005,0
31,"Prov. DKI Jakarta","Polindes",2006,199
31,"Prov. DKI Jakarta","Polindes",2007,199
31,"Prov. DKI Jakarta","Polindes",2008,0
31,"Prov. DKI Jakarta","Polindes",2009,0
31,"Prov. DKI Jakarta","Polindes",2010,0
31,"Prov. DKI Jakarta","Polindes",2011,0
31,"Prov. DKI Jakarta","Polindes",2012,0
31,"Prov. DKI Jakarta","Posyandu",2000,3620
31,"Prov. DKI Jakarta","Posyandu",2001,3624
31,"Prov. DKI Jakarta","Posyandu",2002,3603
31,"Prov. DKI Jakarta","Posyandu",2003,3751
31,"Prov. DKI Jakarta","Posyandu",2004,3553
31,"Prov. DKI Jakarta","Posyandu",2005,1412
31,"Prov. DKI Jakarta","Posyandu",2006,3841
31,"Prov. DKI Jakarta","Posyandu",2007,3841
31,"Prov. DKI Jakarta","Posyandu",2008,267
31,"Prov. DKI Jakarta","Posyandu",2009,4190
31,"Prov. DKI Jakarta","Posyandu",2010,4190
31,"Prov. DKI Jakarta","Posyandu",2011,4190
31,"Prov. DKI Jakarta","Posyandu",2012,4190
31,"Prov. DKI Jakarta","Puskesmas",2000,329
31,"Prov. DKI Jakarta","Puskesmas",2001,329
31,"Prov. DKI Jakarta","Puskesmas",2002,328
31,"Prov. DKI Jakarta","Puskesmas",2003,329
31,"Prov. DKI Jakarta","Puskesmas",2004,329
31,"Prov. DKI Jakarta","Puskesmas",2005,335
31,"Prov. DKI Jakarta","Puskesmas",2006,342
31,"Prov. DKI Jakarta","Puskesmas",2007,341
31,"Prov. DKI Jakarta","Puskesmas",2008,351
31,"Prov. DKI Jakarta","Puskesmas",2009,339
31,"Prov. DKI Jakarta","Puskesmas",2010,339
31,"Prov. DKI Jakarta","Puskesmas",2011,339
31,"Prov. DKI Jakarta","Puskesmas",2012,339
31,"Prov. DKI Jakarta","Pustu",2000,0
31,"Prov. DKI Jakarta","Pustu",2001,0
31,"Prov. DKI Jakarta","Pustu",2002,84
31,"Prov. DKI Jakarta","Pustu",2003,0
31,"Prov. DKI Jakarta","Pustu",2004,0
31,"Prov. DKI Jakarta","Pustu",2005,78
31,"Prov. DKI Jakarta","Pustu",2006,0
31,"Prov. DKI Jakarta","Pustu",2007,0
31,"Prov. DKI Jakarta","Pustu",2008,0
31,"Prov. DKI Jakarta","Pustu",2009,2
31,"Prov. DKI Jakarta","Pustu",2010,2
31,"Prov. DKI Jakarta","Pustu",2011,2
31,"Prov. DKI Jakarta","Pustu",2012,2
32,"Prov. Jawa Barat","Polindes",2000,0
32,"Prov. Jawa Barat","Polindes",2001,996
32,"Prov. Jawa Barat","Polindes",2002,39
32,"Prov. Jawa Barat","Polindes",2003,1095
32,"Prov. Jawa Barat","Polindes",2004,691
32,"Prov. Jawa Barat","Polindes",2005,1134
32,"Prov. Jawa Barat","Polindes",2006,1511
32,"Prov. Jawa Barat","Polindes",2007,1511
32,"Prov. Jawa Barat","Polindes",2008,1439
32,"Prov. Jawa Barat","Polindes",2009,0
32,"Prov. Jawa Barat","Polindes",2010,0
32,"Prov. Jawa Barat","Polindes",2011,0
32,"Prov. Jawa Barat","Polindes",2012,0
32,"Prov. Jawa Barat","Posyandu",2000,47536
32,"Prov. Jawa Barat","Posyandu",2001,34452
32,"Prov. Jawa Barat","Posyandu",2002,24036
32,"Prov. Jawa Barat","Posyandu",2003,42235
32,"Prov. Jawa Barat","Posyandu",2004,35361
32,"Prov. Jawa Barat","Posyandu",2005,38006
32,"Prov. Jawa Barat","Posyandu",2006,43111
32,"Prov. Jawa Barat","Posyandu",2007,43111
32,"Prov. Jawa Barat","Posyandu",2008,5868
32,"Prov. Jawa Barat","Posyandu",2009,45632
32,"Prov. Jawa Barat","Posyandu",2010,45632
32,"Prov. Jawa Barat","Posyandu",2011,45632
32,"Prov. Jawa Barat","Posyandu",2012,45632
32,"Prov. Jawa Barat","Puskesmas",2000,946
32,"Prov. Jawa Barat","Puskesmas",2001,962
32,"Prov. Jawa Barat","Puskesmas",2002,976
32,"Prov. Jawa Barat","Puskesmas",2003,982
32,"Prov. Jawa Barat","Puskesmas",2004,982
32,"Prov. Jawa Barat","Puskesmas",2005,996
32,"Prov. Jawa Barat","Puskesmas",2006,999
32,"Prov. Jawa Barat","Puskesmas",2007,1002
32,"Prov. Jawa Barat","Puskesmas",2008,999
32,"Prov. Jawa Barat","Puskesmas",2009,1008
32,"Prov. Jawa Barat","Puskesmas",2010,1008
32,"Prov. Jawa Barat","Puskesmas",2011,1008
32,"Prov. Jawa Barat","Puskesmas",2012,1008
32,"Prov. Jawa Barat","Pustu",2000,1414
32,"Prov. Jawa Barat","Pustu",2001,1413
32,"Prov. Jawa Barat","Pustu",2002,1415
32,"Prov. Jawa Barat","Pustu",2003,1413
32,"Prov. Jawa Barat","Pustu",2004,1421
32,"Prov. Jawa Barat","Pustu",2005,1425
32,"Prov. Jawa Barat","Pustu",2006,0
32,"Prov. Jawa Barat","Pustu",2007,0
32,"Prov. Jawa Barat","Pustu",2008,1624
32,"Prov. Jawa Barat","Pustu",2009,1506
32,"Prov. Jawa Barat","Pustu",2010,1506
32,"Prov. Jawa Barat","Pustu",2011,1506
32,"Prov. Jawa Barat","Pustu",2012,1506
33,"Prov. Jawa Tengah","Polindes",2000,3812
33,"Prov. Jawa Tengah","Polindes",2001,4603
33,"Prov. Jawa Tengah","Polindes",2002,3230
33,"Prov. Jawa Tengah","Polindes",2003,3603
33,"Prov. Jawa Tengah","Polindes",2004,4068
33,"Prov. Jawa Tengah","Polindes",2005,4304
33,"Prov. Jawa Tengah","Polindes",2006,4411
33,"Prov. Jawa Tengah","Polindes",2007,4411
33,"Prov. Jawa Tengah","Polindes",2008,3597
33,"Prov. Jawa Tengah","Polindes",2009,0
33,"Prov. Jawa Tengah","Polindes",2010,0
33,"Prov. Jawa Tengah","Polindes",2011,0
33,"Prov. Jawa Tengah","Polindes",2012,0
33,"Prov. Jawa Tengah","Posyandu",2000,45336
33,"Prov. Jawa Tengah","Posyandu",2001,43454
33,"Prov. Jawa Tengah","Posyandu",2002,46076
33,"Prov. Jawa Tengah","Posyandu",2003,46052
33,"Prov. Jawa Tengah","Posyandu",2004,43607
33,"Prov. Jawa Tengah","Posyandu",2005,44210
33,"Prov. Jawa Tengah","Posyandu",2006,46746
33,"Prov. Jawa Tengah","Posyandu",2007,46746
33,"Prov. Jawa Tengah","Posyandu",2008,8570
33,"Prov. Jawa Tengah","Posyandu",2009,47763
33,"Prov. Jawa Tengah","Posyandu",2010,47763
33,"Prov. Jawa Tengah","Posyandu",2011,47763
33,"Prov. Jawa Tengah","Posyandu",2012,47763
33,"Prov. Jawa Tengah","Puskesmas",2000,862
33,"Prov. Jawa Tengah","Puskesmas",2001,853
33,"Prov. Jawa Tengah","Puskesmas",2002,853
33,"Prov. Jawa Tengah","Puskesmas",2003,855
33,"Prov. Jawa Tengah","Puskesmas",2004,857
33,"Prov. Jawa Tengah","Puskesmas",2005,853
33,"Prov. Jawa Tengah","Puskesmas",2006,858
33,"Prov. Jawa Tengah","Puskesmas",2007,871
33,"Prov. Jawa Tengah","Puskesmas",2008,842
33,"Prov. Jawa Tengah","Puskesmas",2009,849
33,"Prov. Jawa Tengah","Puskesmas",2010,849
33,"Prov. Jawa Tengah","Puskesmas",2011,849
33,"Prov. Jawa Tengah","Puskesmas",2012,849
33,"Prov. Jawa Tengah","Pustu",2000,1830
33,"Prov. Jawa Tengah","Pustu",2001,1826
33,"Prov. Jawa Tengah","Pustu",2002,1844
33,"Prov. Jawa Tengah","Pustu",2003,1830
33,"Prov. Jawa Tengah","Pustu",2004,1818
33,"Prov. Jawa Tengah","Pustu",2005,1828
33,"Prov. Jawa Tengah","Pustu",2006,0
33,"Prov. Jawa Tengah","Pustu",2007,0
33,"Prov. Jawa Tengah","Pustu",2008,1881
33,"Prov. Jawa Tengah","Pustu",2009,1737
33,"Prov. Jawa Tengah","Pustu",2010,1737
33,"Prov. Jawa Tengah","Pustu",2011,1737
33,"Prov. Jawa Tengah","Pustu",2012,1737
34,"Prov. D I Yogyakarta","Polindes",2000,149
34,"Prov. D I Yogyakarta","Polindes",2001,162
34,"Prov. D I Yogyakarta","Polindes",2002,107
34,"Prov. D I Yogyakarta","Polindes",2003,141
34,"Prov. D I Yogyakarta","Polindes",2004,133
34,"Prov. D I Yogyakarta","Polindes",2005,107
34,"Prov. D I Yogyakarta","Polindes",2006,80
34,"Prov. D I Yogyakarta","Polindes",2007,80
34,"Prov. D I Yogyakarta","Polindes",2008,73
34,"Prov. D I Yogyakarta","Polindes",2009,0
34,"Prov. D I Yogyakarta","Polindes",2010,0
34,"Prov. D I Yogyakarta","Polindes",2011,0
34,"Prov. D I Yogyakarta","Polindes",2012,0
34,"Prov. D I Yogyakarta","Posyandu",2000,5283
34,"Prov. D I Yogyakarta","Posyandu",2001,5243
34,"Prov. D I Yogyakarta","Posyandu",2002,5330
34,"Prov. D I Yogyakarta","Posyandu",2003,5324
34,"Prov. D I Yogyakarta","Posyandu",2004,5373
34,"Prov. D I Yogyakarta","Posyandu",2005,5242
34,"Prov. D I Yogyakarta","Posyandu",2006,5412
34,"Prov. D I Yogyakarta","Posyandu",2007,5412
34,"Prov. D I Yogyakarta","Posyandu",2008,438
34,"Prov. D I Yogyakarta","Posyandu",2009,5654
34,"Prov. D I Yogyakarta","Posyandu",2010,5654
34,"Prov. D I Yogyakarta","Posyandu",2011,5654
34,"Prov. D I Yogyakarta","Posyandu",2012,5654
34,"Prov. D I Yogyakarta","Puskesmas",2000,126
34,"Prov. D I Yogyakarta","Puskesmas",2001,126
34,"Prov. D I Yogyakarta","Puskesmas",2002,117
34,"Prov. D I Yogyakarta","Puskesmas",2003,117
34,"Prov. D I Yogyakarta","Puskesmas",2004,117
34,"Prov. D I Yogyakarta","Puskesmas",2005,117
34,"Prov. D I Yogyakarta","Puskesmas",2006,117
34,"Prov. D I Yogyakarta","Puskesmas",2007,117
34,"Prov. D I Yogyakarta","Puskesmas",2008,120
34,"Prov. D I Yogyakarta","Puskesmas",2009,119
34,"Prov. D I Yogyakarta","Puskesmas",2010,119
34,"Prov. D I Yogyakarta","Puskesmas",2011,119
34,"Prov. D I Yogyakarta","Puskesmas",2012,119
34,"Prov. D I Yogyakarta","Pustu",2000,312
34,"Prov. D I Yogyakarta","Pustu",2001,312
34,"Prov. D I Yogyakarta","Pustu",2002,320
34,"Prov. D I Yogyakarta","Pustu",2003,321
34,"Prov. D I Yogyakarta","Pustu",2004,321
34,"Prov. D I Yogyakarta","Pustu",2005,321
34,"Prov. D I Yogyakarta","Pustu",2006,0
34,"Prov. D I Yogyakarta","Pustu",2007,0
34,"Prov. D I Yogyakarta","Pustu",2008,310
34,"Prov. D I Yogyakarta","Pustu",2009,318
34,"Prov. D I Yogyakarta","Pustu",2010,318
34,"Prov. D I Yogyakarta","Pustu",2011,318
34,"Prov. D I Yogyakarta","Pustu",2012,318
35,"Prov. Jawa Timur","Polindes",2000,5271
35,"Prov. Jawa Timur","Polindes",2001,4901
35,"Prov. Jawa Timur","Polindes",2002,4659
35,"Prov. Jawa Timur","Polindes",2003,4523
35,"Prov. Jawa Timur","Polindes",2004,4728
35,"Prov. Jawa Timur","Polindes",2005,4902
35,"Prov. Jawa Timur","Polindes",2006,4174
35,"Prov. Jawa Timur","Polindes",2007,4174
35,"Prov. Jawa Timur","Polindes",2008,5644
35,"Prov. Jawa Timur","Polindes",2009,0
35,"Prov. Jawa Timur","Polindes",2010,0
35,"Prov. Jawa Timur","Polindes",2011,0
35,"Prov. Jawa Timur","Polindes",2012,0
35,"Prov. Jawa Timur","Posyandu",2000,42965
35,"Prov. Jawa Timur","Posyandu",2001,39583
35,"Prov. Jawa Timur","Posyandu",2002,43971
35,"Prov. Jawa Timur","Posyandu",2003,38725
35,"Prov. Jawa Timur","Posyandu",2004,42799
35,"Prov. Jawa Timur","Posyandu",2005,43516
35,"Prov. Jawa Timur","Posyandu",2006,44095
35,"Prov. Jawa Timur","Posyandu",2007,44095
35,"Prov. Jawa Timur","Posyandu",2008,8494
35,"Prov. Jawa Timur","Posyandu",2009,46060
35,"Prov. Jawa Timur","Posyandu",2010,46060
35,"Prov. Jawa Timur","Posyandu",2011,46060
35,"Prov. Jawa Timur","Posyandu",2012,46060
35,"Prov. Jawa Timur","Puskesmas",2000,927
35,"Prov. Jawa Timur","Puskesmas",2001,921
35,"Prov. Jawa Timur","Puskesmas",2002,922
35,"Prov. Jawa Timur","Puskesmas",2003,918
35,"Prov. Jawa Timur","Puskesmas",2004,907
35,"Prov. Jawa Timur","Puskesmas",2005,919
35,"Prov. Jawa Timur","Puskesmas",2006,930
35,"Prov. Jawa Timur","Puskesmas",2007,929
35,"Prov. Jawa Timur","Puskesmas",2008,940
35,"Prov. Jawa Timur","Puskesmas",2009,944
35,"Prov. Jawa Timur","Puskesmas",2010,944
35,"Prov. Jawa Timur","Puskesmas",2011,944
35,"Prov. Jawa Timur","Puskesmas",2012,944
35,"Prov. Jawa Timur","Pustu",2000,2230
35,"Prov. Jawa Timur","Pustu",2001,2243
35,"Prov. Jawa Timur","Pustu",2002,2238
35,"Prov. Jawa Timur","Pustu",2003,2239
35,"Prov. Jawa Timur","Pustu",2004,2250
35,"Prov. Jawa Timur","Pustu",2005,2257
35,"Prov. Jawa Timur","Pustu",2006,0
35,"Prov. Jawa Timur","Pustu",2007,0
35,"Prov. Jawa Timur","Pustu",2008,2253
35,"Prov. Jawa Timur","Pustu",2009,2373
35,"Prov. Jawa Timur","Pustu",2010,2373
35,"Prov. Jawa Timur","Pustu",2011,2373
35,"Prov. Jawa Timur","Pustu",2012,2373
36,"Prov. Banten","Polindes",2000,0
36,"Prov. Banten","Polindes",2001,112
36,"Prov. Banten","Polindes",2002,0
36,"Prov. Banten","Polindes",2003,204
36,"Prov. Banten","Polindes",2004,41
36,"Prov. Banten","Polindes",2005,36
36,"Prov. Banten","Polindes",2006,126
36,"Prov. Banten","Polindes",2007,126
36,"Prov. Banten","Polindes",2008,130
36,"Prov. Banten","Polindes",2009,0
36,"Prov. Banten","Polindes",2010,0
36,"Prov. Banten","Polindes",2011,0
36,"Prov. Banten","Polindes",2012,0
36,"Prov. Banten","Posyandu",2000,0
36,"Prov. Banten","Posyandu",2001,5755
36,"Prov. Banten","Posyandu",2002,0
36,"Prov. Banten","Posyandu",2003,7255
36,"Prov. Banten","Posyandu",2004,5868
36,"Prov. Banten","Posyandu",2005,5133
36,"Prov. Banten","Posyandu",2006,8989
36,"Prov. Banten","Posyandu",2007,8989
36,"Prov. Banten","Posyandu",2008,1501
36,"Prov. Banten","Posyandu",2009,9548
36,"Prov. Banten","Posyandu",2010,9548
36,"Prov. Banten","Posyandu",2011,9548
36,"Prov. Banten","Posyandu",2012,9548
36,"Prov. Banten","Puskesmas",2000,165
36,"Prov. Banten","Puskesmas",2001,162
36,"Prov. Banten","Puskesmas",2002,168
36,"Prov. Banten","Puskesmas",2003,171
36,"Prov. Banten","Puskesmas",2004,172
36,"Prov. Banten","Puskesmas",2005,173
36,"Prov. Banten","Puskesmas",2006,177
36,"Prov. Banten","Puskesmas",2007,180
36,"Prov. Banten","Puskesmas",2008,194
36,"Prov. Banten","Puskesmas",2009,196
36,"Prov. Banten","Puskesmas",2010,196
36,"Prov. Banten","Puskesmas",2011,196
36,"Prov. Banten","Puskesmas",2012,196
36,"Prov. Banten","Pustu",2000,250
36,"Prov. Banten","Pustu",2001,253
36,"Prov. Banten","Pustu",2002,202
36,"Prov. Banten","Pustu",2003,190
36,"Prov. Banten","Pustu",2004,188
36,"Prov. Banten","Pustu",2005,187
36,"Prov. Banten","Pustu",2006,0
36,"Prov. Banten","Pustu",2007,0
36,"Prov. Banten","Pustu",2008,263
36,"Prov. Banten","Pustu",2009,256
36,"Prov. Banten","Pustu",2010,256
36,"Prov. Banten","Pustu",2011,256
36,"Prov. Banten","Pustu",2012,256
51,"Prov. Bali","Polindes",2000,316
51,"Prov. Bali","Polindes",2001,333
51,"Prov. Bali","Polindes",2002,348
51,"Prov. Bali","Polindes",2003,256
51,"Prov. Bali","Polindes",2004,254
51,"Prov. Bali","Polindes",2005,236
51,"Prov. Bali","Polindes",2006,262
51,"Prov. Bali","Polindes",2007,262
51,"Prov. Bali","Polindes",2008,154
51,"Prov. Bali","Polindes",2009,0
51,"Prov. Bali","Polindes",2010,0
51,"Prov. Bali","Polindes",2011,0
51,"Prov. Bali","Polindes",2012,0
51,"Prov. Bali","Posyandu",2000,4151
51,"Prov. Bali","Posyandu",2001,4313
51,"Prov. Bali","Posyandu",2002,4096
51,"Prov. Bali","Posyandu",2003,3817
51,"Prov. Bali","Posyandu",2004,4446
51,"Prov. Bali","Posyandu",2005,4585
51,"Prov. Bali","Posyandu",2006,4589
51,"Prov. Bali","Posyandu",2007,4589
51,"Prov. Bali","Posyandu",2008,712
51,"Prov. Bali","Posyandu",2009,4719
51,"Prov. Bali","Posyandu",2010,4719
51,"Prov. Bali","Posyandu",2011,4719
51,"Prov. Bali","Posyandu",2012,4719
51,"Prov. Bali","Puskesmas",2000,112
51,"Prov. Bali","Puskesmas",2001,107
51,"Prov. Bali","Puskesmas",2002,107
51,"Prov. Bali","Puskesmas",2003,108
51,"Prov. Bali","Puskesmas",2004,109
51,"Prov. Bali","Puskesmas",2005,110
51,"Prov. Bali","Puskesmas",2006,110
51,"Prov. Bali","Puskesmas",2007,112
51,"Prov. Bali","Puskesmas",2008,114
51,"Prov. Bali","Puskesmas",2009,114
51,"Prov. Bali","Puskesmas",2010,114
51,"Prov. Bali","Puskesmas",2011,114
51,"Prov. Bali","Puskesmas",2012,114
51,"Prov. Bali","Pustu",2000,471
51,"Prov. Bali","Pustu",2001,471
51,"Prov. Bali","Pustu",2002,474
51,"Prov. Bali","Pustu",2003,479
51,"Prov. Bali","Pustu",2004,480
51,"Prov. Bali","Pustu",2005,491
51,"Prov. Bali","Pustu",2006,0
51,"Prov. Bali","Pustu",2007,0
51,"Prov. Bali","Pustu",2008,452
51,"Prov. Bali","Pustu",2009,503
51,"Prov. Bali","Pustu",2010,503
51,"Prov. Bali","Pustu",2011,503
51,"Prov. Bali","Pustu",2012,503
52,"Prov. Nusa Tenggara Barat","Polindes",2000,230
52,"Prov. Nusa Tenggara Barat","Polindes",2001,417
52,"Prov. Nusa Tenggara Barat","Polindes",2002,0
52,"Prov. Nusa Tenggara Barat","Polindes",2003,196
52,"Prov. Nusa Tenggara Barat","Polindes",2004,498
52,"Prov. Nusa Tenggara Barat","Polindes",2005,518
52,"Prov. Nusa Tenggara Barat","Polindes",2006,479
52,"Prov. Nusa Tenggara Barat","Polindes",2007,479
52,"Prov. Nusa Tenggara Barat","Polindes",2008,457
52,"Prov. Nusa Tenggara Barat","Polindes",2009,0
52,"Prov. Nusa Tenggara Barat","Polindes",2010,0
52,"Prov. Nusa Tenggara Barat","Polindes",2011,0
52,"Prov. Nusa Tenggara Barat","Polindes",2012,0
52,"Prov. Nusa Tenggara Barat","Posyandu",2000,4257
52,"Prov. Nusa Tenggara Barat","Posyandu",2001,4469
52,"Prov. Nusa Tenggara Barat","Posyandu",2002,4419
52,"Prov. Nusa Tenggara Barat","Posyandu",2003,4710
52,"Prov. Nusa Tenggara Barat","Posyandu",2004,5020
52,"Prov. Nusa Tenggara Barat","Posyandu",2005,4940
52,"Prov. Nusa Tenggara Barat","Posyandu",2006,5256
52,"Prov. Nusa Tenggara Barat","Posyandu",2007,5256
52,"Prov. Nusa Tenggara Barat","Posyandu",2008,910
52,"Prov. Nusa Tenggara Barat","Posyandu",2009,6133
52,"Prov. Nusa Tenggara Barat","Posyandu",2010,6133
52,"Prov. Nusa Tenggara Barat","Posyandu",2011,6133
52,"Prov. Nusa Tenggara Barat","Posyandu",2012,6133
52,"Prov. Nusa Tenggara Barat","Puskesmas",2000,114
52,"Prov. Nusa Tenggara Barat","Puskesmas",2001,120
52,"Prov. Nusa Tenggara Barat","Puskesmas",2002,121
52,"Prov. Nusa Tenggara Barat","Puskesmas",2003,127
52,"Prov. Nusa Tenggara Barat","Puskesmas",2004,125
52,"Prov. Nusa Tenggara Barat","Puskesmas",2005,128
52,"Prov. Nusa Tenggara Barat","Puskesmas",2006,130
52,"Prov. Nusa Tenggara Barat","Puskesmas",2007,134
52,"Prov. Nusa Tenggara Barat","Puskesmas",2008,142
52,"Prov. Nusa Tenggara Barat","Puskesmas",2009,145
52,"Prov. Nusa Tenggara Barat","Puskesmas",2010,145
52,"Prov. Nusa Tenggara Barat","Puskesmas",2011,145
52,"Prov. Nusa Tenggara Barat","Puskesmas",2012,145
52,"Prov. Nusa Tenggara Barat","Pustu",2000,436
52,"Prov. Nusa Tenggara Barat","Pustu",2001,433
52,"Prov. Nusa Tenggara Barat","Pustu",2002,428
52,"Prov. Nusa Tenggara Barat","Pustu",2003,438
52,"Prov. Nusa Tenggara Barat","Pustu",2004,444
52,"Prov. Nusa Tenggara Barat","Pustu",2005,461
52,"Prov. Nusa Tenggara Barat","Pustu",2006,0
52,"Prov. Nusa Tenggara Barat","Pustu",2007,0
52,"Prov. Nusa Tenggara Barat","Pustu",2008,500
52,"Prov. Nusa Tenggara Barat","Pustu",2009,481
52,"Prov. Nusa Tenggara Barat","Pustu",2010,481
52,"Prov. Nusa Tenggara Barat","Pustu",2011,481
52,"Prov. Nusa Tenggara Barat","Pustu",2012,481
53,"Prov. Nusa Tenggara Timur","Polindes",2000,1544
53,"Prov. Nusa Tenggara Timur","Polindes",2001,1231
53,"Prov. Nusa Tenggara Timur","Polindes",2002,1175
53,"Prov. Nusa Tenggara Timur","Polindes",2003,1235
53,"Prov. Nusa Tenggara Timur","Polindes",2004,1253
53,"Prov. Nusa Tenggara Timur","Polindes",2005,1277
53,"Prov. Nusa Tenggara Timur","Polindes",2006,1175
53,"Prov. Nusa Tenggara Timur","Polindes",2007,1175
53,"Prov. Nusa Tenggara Timur","Polindes",2008,1406
53,"Prov. Nusa Tenggara Timur","Polindes",2009,0
53,"Prov. Nusa Tenggara Timur","Polindes",2010,0
53,"Prov. Nusa Tenggara Timur","Polindes",2011,0
53,"Prov. Nusa Tenggara Timur","Polindes",2012,0
53,"Prov. Nusa Tenggara Timur","Posyandu",2000,6759
53,"Prov. Nusa Tenggara Timur","Posyandu",2001,6623
53,"Prov. Nusa Tenggara Timur","Posyandu",2002,6763
53,"Prov. Nusa Tenggara Timur","Posyandu",2003,6776
53,"Prov. Nusa Tenggara Timur","Posyandu",2004,6743
53,"Prov. Nusa Tenggara Timur","Posyandu",2005,7029
53,"Prov. Nusa Tenggara Timur","Posyandu",2006,8046
53,"Prov. Nusa Tenggara Timur","Posyandu",2007,8046
53,"Prov. Nusa Tenggara Timur","Posyandu",2008,2788
53,"Prov. Nusa Tenggara Timur","Posyandu",2009,5792
53,"Prov. Nusa Tenggara Timur","Posyandu",2010,5792
53,"Prov. Nusa Tenggara Timur","Posyandu",2011,5792
53,"Prov. Nusa Tenggara Timur","Posyandu",2012,5792
53,"Prov. Nusa Tenggara Timur","Puskesmas",2000,210
53,"Prov. Nusa Tenggara Timur","Puskesmas",2001,210
53,"Prov. Nusa Tenggara Timur","Puskesmas",2002,211
53,"Prov. Nusa Tenggara Timur","Puskesmas",2003,218
53,"Prov. Nusa Tenggara Timur","Puskesmas",2004,220
53,"Prov. Nusa Tenggara Timur","Puskesmas",2005,228
53,"Prov. Nusa Tenggara Timur","Puskesmas",2006,251
53,"Prov. Nusa Tenggara Timur","Puskesmas",2007,253
53,"Prov. Nusa Tenggara Timur","Puskesmas",2008,278
53,"Prov. Nusa Tenggara Timur","Puskesmas",2009,288
53,"Prov. Nusa Tenggara Timur","Puskesmas",2010,288
53,"Prov. Nusa Tenggara Timur","Puskesmas",2011,288
53,"Prov. Nusa Tenggara Timur","Puskesmas",2012,288
53,"Prov. Nusa Tenggara Timur","Pustu",2000,797
53,"Prov. Nusa Tenggara Timur","Pustu",2001,793
53,"Prov. Nusa Tenggara Timur","Pustu",2002,809
53,"Prov. Nusa Tenggara Timur","Pustu",2003,837
53,"Prov. Nusa Tenggara Timur","Pustu",2004,849
53,"Prov. Nusa Tenggara Timur","Pustu",2005,862
53,"Prov. Nusa Tenggara Timur","Pustu",2006,0
53,"Prov. Nusa Tenggara Timur","Pustu",2007,0
53,"Prov. Nusa Tenggara Timur","Pustu",2008,954
53,"Prov. Nusa Tenggara Timur","Pustu",2009,846
53,"Prov. Nusa Tenggara Timur","Pustu",2010,846
53,"Prov. Nusa Tenggara Timur","Pustu",2011,846
53,"Prov. Nusa Tenggara Timur","Pustu",2012,846
61,"Prov. Kalimantan Barat","Polindes",2000,20
61,"Prov. Kalimantan Barat","Polindes",2001,1327
61,"Prov. Kalimantan Barat","Polindes",2002,1470
61,"Prov. Kalimantan Barat","Polindes",2003,1094
61,"Prov. Kalimantan Barat","Polindes",2004,1198
61,"Prov. Kalimantan Barat","Polindes",2005,1355
61,"Prov. Kalimantan Barat","Polindes",2006,1094
61,"Prov. Kalimantan Barat","Polindes",2007,1094
61,"Prov. Kalimantan Barat","Polindes",2008,1164
61,"Prov. Kalimantan Barat","Polindes",2009,0
61,"Prov. Kalimantan Barat","Polindes",2010,0
61,"Prov. Kalimantan Barat","Polindes",2011,0
61,"Prov. Kalimantan Barat","Polindes",2012,0
61,"Prov. Kalimantan Barat","Posyandu",2000,3476
61,"Prov. Kalimantan Barat","Posyandu",2001,1932
61,"Prov. Kalimantan Barat","Posyandu",2002,3469
61,"Prov. Kalimantan Barat","Posyandu",2003,3566
61,"Prov. Kalimantan Barat","Posyandu",2004,3593
61,"Prov. Kalimantan Barat","Posyandu",2005,3578
61,"Prov. Kalimantan Barat","Posyandu",2006,3705
61,"Prov. Kalimantan Barat","Posyandu",2007,3705
61,"Prov. Kalimantan Barat","Posyandu",2008,1662
61,"Prov. Kalimantan Barat","Posyandu",2009,4057
61,"Prov. Kalimantan Barat","Posyandu",2010,4057
61,"Prov. Kalimantan Barat","Posyandu",2011,4057
61,"Prov. Kalimantan Barat","Posyandu",2012,4057
61,"Prov. Kalimantan Barat","Puskesmas",2000,197
61,"Prov. Kalimantan Barat","Puskesmas",2001,194
61,"Prov. Kalimantan Barat","Puskesmas",2002,189
61,"Prov. Kalimantan Barat","Puskesmas",2003,192
61,"Prov. Kalimantan Barat","Puskesmas",2004,195
61,"Prov. Kalimantan Barat","Puskesmas",2005,207
61,"Prov. Kalimantan Barat","Puskesmas",2006,205
61,"Prov. Kalimantan Barat","Puskesmas",2007,211
61,"Prov. Kalimantan Barat","Puskesmas",2008,224
61,"Prov. Kalimantan Barat","Puskesmas",2009,229
61,"Prov. Kalimantan Barat","Puskesmas",2010,229
61,"Prov. Kalimantan Barat","Puskesmas",2011,229
61,"Prov. Kalimantan Barat","Puskesmas",2012,229
61,"Prov. Kalimantan Barat","Pustu",2000,672
61,"Prov. Kalimantan Barat","Pustu",2001,714
61,"Prov. Kalimantan Barat","Pustu",2002,710
61,"Prov. Kalimantan Barat","Pustu",2003,748
61,"Prov. Kalimantan Barat","Pustu",2004,750
61,"Prov. Kalimantan Barat","Pustu",2005,765
61,"Prov. Kalimantan Barat","Pustu",2006,0
61,"Prov. Kalimantan Barat","Pustu",2007,0
61,"Prov. Kalimantan Barat","Pustu",2008,768
61,"Prov. Kalimantan Barat","Pustu",2009,779
61,"Prov. Kalimantan Barat","Pustu",2010,779
61,"Prov. Kalimantan Barat","Pustu",2011,779
61,"Prov. Kalimantan Barat","Pustu",2012,779
62,"Prov. Kalimantan Tengah","Polindes",2000,553
62,"Prov. Kalimantan Tengah","Polindes",2001,611
62,"Prov. Kalimantan Tengah","Polindes",2002,854
62,"Prov. Kalimantan Tengah","Polindes",2003,778
62,"Prov. Kalimantan Tengah","Polindes",2004,424
62,"Prov. Kalimantan Tengah","Polindes",2005,611
62,"Prov. Kalimantan Tengah","Polindes",2006,531
62,"Prov. Kalimantan Tengah","Polindes",2007,531
62,"Prov. Kalimantan Tengah","Polindes",2008,556
62,"Prov. Kalimantan Tengah","Polindes",2009,0
62,"Prov. Kalimantan Tengah","Polindes",2010,0
62,"Prov. Kalimantan Tengah","Polindes",2011,0
62,"Prov. Kalimantan Tengah","Polindes",2012,0
62,"Prov. Kalimantan Tengah","Posyandu",2000,1914
62,"Prov. Kalimantan Tengah","Posyandu",2001,1414
62,"Prov. Kalimantan Tengah","Posyandu",2002,1862
62,"Prov. Kalimantan Tengah","Posyandu",2003,2068
62,"Prov. Kalimantan Tengah","Posyandu",2004,2068
62,"Prov. Kalimantan Tengah","Posyandu",2005,1567
62,"Prov. Kalimantan Tengah","Posyandu",2006,1706
62,"Prov. Kalimantan Tengah","Posyandu",2007,1706
62,"Prov. Kalimantan Tengah","Posyandu",2008,1302
62,"Prov. Kalimantan Tengah","Posyandu",2009,2262
62,"Prov. Kalimantan Tengah","Posyandu",2010,2262
62,"Prov. Kalimantan Tengah","Posyandu",2011,2262
62,"Prov. Kalimantan Tengah","Posyandu",2012,2262
62,"Prov. Kalimantan Tengah","Puskesmas",2000,133
62,"Prov. Kalimantan Tengah","Puskesmas",2001,133
62,"Prov. Kalimantan Tengah","Puskesmas",2002,118
62,"Prov. Kalimantan Tengah","Puskesmas",2003,133
62,"Prov. Kalimantan Tengah","Puskesmas",2004,132
62,"Prov. Kalimantan Tengah","Puskesmas",2005,134
62,"Prov. Kalimantan Tengah","Puskesmas",2006,154
62,"Prov. Kalimantan Tengah","Puskesmas",2007,163
62,"Prov. Kalimantan Tengah","Puskesmas",2008,169
62,"Prov. Kalimantan Tengah","Puskesmas",2009,169
62,"Prov. Kalimantan Tengah","Puskesmas",2010,169
62,"Prov. Kalimantan Tengah","Puskesmas",2011,169
62,"Prov. Kalimantan Tengah","Puskesmas",2012,169
62,"Prov. Kalimantan Tengah","Pustu",2000,663
62,"Prov. Kalimantan Tengah","Pustu",2001,706
62,"Prov. Kalimantan Tengah","Pustu",2002,707
62,"Prov. Kalimantan Tengah","Pustu",2003,825
62,"Prov. Kalimantan Tengah","Pustu",2004,731
62,"Prov. Kalimantan Tengah","Pustu",2005,767
62,"Prov. Kalimantan Tengah","Pustu",2006,0
62,"Prov. Kalimantan Tengah","Pustu",2007,0
62,"Prov. Kalimantan Tengah","Pustu",2008,806
62,"Prov. Kalimantan Tengah","Pustu",2009,745
62,"Prov. Kalimantan Tengah","Pustu",2010,745
62,"Prov. Kalimantan Tengah","Pustu",2011,745
62,"Prov. Kalimantan Tengah","Pustu",2012,745
63,"Prov. Kalimantan Selatan","Polindes",2000,20
63,"Prov. Kalimantan Selatan","Polindes",2001,1256
63,"Prov. Kalimantan Selatan","Polindes",2002,1202
63,"Prov. Kalimantan Selatan","Polindes",2003,1312
63,"Prov. Kalimantan Selatan","Polindes",2004,1207
63,"Prov. Kalimantan Selatan","Polindes",2005,1250
63,"Prov. Kalimantan Selatan","Polindes",2006,710
63,"Prov. Kalimantan Selatan","Polindes",2007,710
63,"Prov. Kalimantan Selatan","Polindes",2008,736
63,"Prov. Kalimantan Selatan","Polindes",2009,0
63,"Prov. Kalimantan Selatan","Polindes",2010,0
63,"Prov. Kalimantan Selatan","Polindes",2011,0
63,"Prov. Kalimantan Selatan","Polindes",2012,0
63,"Prov. Kalimantan Selatan","Posyandu",2000,3188
63,"Prov. Kalimantan Selatan","Posyandu",2001,3034
63,"Prov. Kalimantan Selatan","Posyandu",2002,3326
63,"Prov. Kalimantan Selatan","Posyandu",2003,3255
63,"Prov. Kalimantan Selatan","Posyandu",2004,3439
63,"Prov. Kalimantan Selatan","Posyandu",2005,2928
63,"Prov. Kalimantan Selatan","Posyandu",2006,3411
63,"Prov. Kalimantan Selatan","Posyandu",2007,3411
63,"Prov. Kalimantan Selatan","Posyandu",2008,1958
63,"Prov. Kalimantan Selatan","Posyandu",2009,3538
63,"Prov. Kalimantan Selatan","Posyandu",2010,3538
63,"Prov. Kalimantan Selatan","Posyandu",2011,3538
63,"Prov. Kalimantan Selatan","Posyandu",2012,3538
63,"Prov. Kalimantan Selatan","Puskesmas",2000,188
63,"Prov. Kalimantan Selatan","Puskesmas",2001,189
63,"Prov. Kalimantan Selatan","Puskesmas",2002,189
63,"Prov. Kalimantan Selatan","Puskesmas",2003,189
63,"Prov. Kalimantan Selatan","Puskesmas",2004,193
63,"Prov. Kalimantan Selatan","Puskesmas",2005,192
63,"Prov. Kalimantan Selatan","Puskesmas",2006,201
63,"Prov. Kalimantan Selatan","Puskesmas",2007,204
63,"Prov. Kalimantan Selatan","Puskesmas",2008,214
63,"Prov. Kalimantan Selatan","Puskesmas",2009,213
63,"Prov. Kalimantan Selatan","Puskesmas",2010,213
63,"Prov. Kalimantan Selatan","Puskesmas",2011,213
63,"Prov. Kalimantan Selatan","Puskesmas",2012,213
63,"Prov. Kalimantan Selatan","Pustu",2000,583
63,"Prov. Kalimantan Selatan","Pustu",2001,613
63,"Prov. Kalimantan Selatan","Pustu",2002,613
63,"Prov. Kalimantan Selatan","Pustu",2003,600
63,"Prov. Kalimantan Selatan","Pustu",2004,613
63,"Prov. Kalimantan Selatan","Pustu",2005,619
63,"Prov. Kalimantan Selatan","Pustu",2006,0
63,"Prov. Kalimantan Selatan","Pustu",2007,0
63,"Prov. Kalimantan Selatan","Pustu",2008,597
63,"Prov. Kalimantan Selatan","Pustu",2009,574
63,"Prov. Kalimantan Selatan","Pustu",2010,574
63,"Prov. Kalimantan Selatan","Pustu",2011,574
63,"Prov. Kalimantan Selatan","Pustu",2012,574
64,"Prov. Kalimantan Timur","Polindes",2000,249
64,"Prov. Kalimantan Timur","Polindes",2001,233
64,"Prov. Kalimantan Timur","Polindes",2002,215
64,"Prov. Kalimantan Timur","Polindes",2003,215
64,"Prov. Kalimantan Timur","Polindes",2004,358
64,"Prov. Kalimantan Timur","Polindes",2005,330
64,"Prov. Kalimantan Timur","Polindes",2006,337
64,"Prov. Kalimantan Timur","Polindes",2007,337
64,"Prov. Kalimantan Timur","Polindes",2008,152
64,"Prov. Kalimantan Timur","Polindes",2009,0
64,"Prov. Kalimantan Timur","Polindes",2010,0
64,"Prov. Kalimantan Timur","Polindes",2011,0
64,"Prov. Kalimantan Timur","Polindes",2012,0
64,"Prov. Kalimantan Timur","Posyandu",2000,3903
64,"Prov. Kalimantan Timur","Posyandu",2001,3363
64,"Prov. Kalimantan Timur","Posyandu",2002,4034
64,"Prov. Kalimantan Timur","Posyandu",2003,4049
64,"Prov. Kalimantan Timur","Posyandu",2004,4094
64,"Prov. Kalimantan Timur","Posyandu",2005,2699
64,"Prov. Kalimantan Timur","Posyandu",2006,4409
64,"Prov. Kalimantan Timur","Posyandu",2007,4409
64,"Prov. Kalimantan Timur","Posyandu",2008,1264
64,"Prov. Kalimantan Timur","Posyandu",2009,4455
64,"Prov. Kalimantan Timur","Posyandu",2010,4455
64,"Prov. Kalimantan Timur","Posyandu",2011,4455
64,"Prov. Kalimantan Timur","Posyandu",2012,4455
64,"Prov. Kalimantan Timur","Puskesmas",2000,147
64,"Prov. Kalimantan Timur","Puskesmas",2001,153
64,"Prov. Kalimantan Timur","Puskesmas",2002,165
64,"Prov. Kalimantan Timur","Puskesmas",2003,167
64,"Prov. Kalimantan Timur","Puskesmas",2004,174
64,"Prov. Kalimantan Timur","Puskesmas",2005,187
64,"Prov. Kalimantan Timur","Puskesmas",2006,186
64,"Prov. Kalimantan Timur","Puskesmas",2007,192
64,"Prov. Kalimantan Timur","Puskesmas",2008,205
64,"Prov. Kalimantan Timur","Puskesmas",2009,207
64,"Prov. Kalimantan Timur","Puskesmas",2010,207
64,"Prov. Kalimantan Timur","Puskesmas",2011,207
64,"Prov. Kalimantan Timur","Puskesmas",2012,207
64,"Prov. Kalimantan Timur","Pustu",2000,562
64,"Prov. Kalimantan Timur","Pustu",2001,572
64,"Prov. Kalimantan Timur","Pustu",2002,552
64,"Prov. Kalimantan Timur","Pustu",2003,565
64,"Prov. Kalimantan Timur","Pustu",2004,602
64,"Prov. Kalimantan Timur","Pustu",2005,625
64,"Prov. Kalimantan Timur","Pustu",2006,0
64,"Prov. Kalimantan Timur","Pustu",2007,0
64,"Prov. Kalimantan Timur","Pustu",2008,673
64,"Prov. Kalimantan Timur","Pustu",2009,613
64,"Prov. Kalimantan Timur","Pustu",2010,613
64,"Prov. Kalimantan Timur","Pustu",2011,613
64,"Prov. Kalimantan Timur","Pustu",2012,613
71,"Prov. Sulawesi Utara","Polindes",2000,609
71,"Prov. Sulawesi Utara","Polindes",2001,260
71,"Prov. Sulawesi Utara","Polindes",2002,609
71,"Prov. Sulawesi Utara","Polindes",2003,349
71,"Prov. Sulawesi Utara","Polindes",2004,284
71,"Prov. Sulawesi Utara","Polindes",2005,354
71,"Prov. Sulawesi Utara","Polindes",2006,420
71,"Prov. Sulawesi Utara","Polindes",2007,420
71,"Prov. Sulawesi Utara","Polindes",2008,259
71,"Prov. Sulawesi Utara","Polindes",2009,0
71,"Prov. Sulawesi Utara","Polindes",2010,0
71,"Prov. Sulawesi Utara","Polindes",2011,0
71,"Prov. Sulawesi Utara","Polindes",2012,0
71,"Prov. Sulawesi Utara","Posyandu",2000,3446
71,"Prov. Sulawesi Utara","Posyandu",2001,946
71,"Prov. Sulawesi Utara","Posyandu",2002,3446
71,"Prov. Sulawesi Utara","Posyandu",2003,2127
71,"Prov. Sulawesi Utara","Posyandu",2004,2127
71,"Prov. Sulawesi Utara","Posyandu",2005,1791
71,"Prov. Sulawesi Utara","Posyandu",2006,2068
71,"Prov. Sulawesi Utara","Posyandu",2007,2068
71,"Prov. Sulawesi Utara","Posyandu",2008,1474
71,"Prov. Sulawesi Utara","Posyandu",2009,2226
71,"Prov. Sulawesi Utara","Posyandu",2010,2226
71,"Prov. Sulawesi Utara","Posyandu",2011,2226
71,"Prov. Sulawesi Utara","Posyandu",2012,2226
71,"Prov. Sulawesi Utara","Puskesmas",2000,101
71,"Prov. Sulawesi Utara","Puskesmas",2001,101
71,"Prov. Sulawesi Utara","Puskesmas",2002,101
71,"Prov. Sulawesi Utara","Puskesmas",2003,108
71,"Prov. Sulawesi Utara","Puskesmas",2004,114
71,"Prov. Sulawesi Utara","Puskesmas",2005,119
71,"Prov. Sulawesi Utara","Puskesmas",2006,130
71,"Prov. Sulawesi Utara","Puskesmas",2007,142
71,"Prov. Sulawesi Utara","Puskesmas",2008,144
71,"Prov. Sulawesi Utara","Puskesmas",2009,159
71,"Prov. Sulawesi Utara","Puskesmas",2010,159
71,"Prov. Sulawesi Utara","Puskesmas",2011,159
71,"Prov. Sulawesi Utara","Puskesmas",2012,159
71,"Prov. Sulawesi Utara","Pustu",2000,497
71,"Prov. Sulawesi Utara","Pustu",2001,519
71,"Prov. Sulawesi Utara","Pustu",2002,521
71,"Prov. Sulawesi Utara","Pustu",2003,500
71,"Prov. Sulawesi Utara","Pustu",2004,506
71,"Prov. Sulawesi Utara","Pustu",2005,506
71,"Prov. Sulawesi Utara","Pustu",2006,0
71,"Prov. Sulawesi Utara","Pustu",2007,0
71,"Prov. Sulawesi Utara","Pustu",2008,439
71,"Prov. Sulawesi Utara","Pustu",2009,447
71,"Prov. Sulawesi Utara","Pustu",2010,447
71,"Prov. Sulawesi Utara","Pustu",2011,447
71,"Prov. Sulawesi Utara","Pustu",2012,447
72,"Prov. Sulawesi Tengah","Polindes",2000,974
72,"Prov. Sulawesi Tengah","Polindes",2001,958
72,"Prov. Sulawesi Tengah","Polindes",2002,974
72,"Prov. Sulawesi Tengah","Polindes",2003,1091
72,"Prov. Sulawesi Tengah","Polindes",2004,833
72,"Prov. Sulawesi Tengah","Polindes",2005,839
72,"Prov. Sulawesi Tengah","Polindes",2006,848
72,"Prov. Sulawesi Tengah","Polindes",2007,848
72,"Prov. Sulawesi Tengah","Polindes",2008,580
72,"Prov. Sulawesi Tengah","Polindes",2009,0
72,"Prov. Sulawesi Tengah","Polindes",2010,0
72,"Prov. Sulawesi Tengah","Polindes",2011,0
72,"Prov. Sulawesi Tengah","Polindes",2012,0
72,"Prov. Sulawesi Tengah","Posyandu",2000,2830
72,"Prov. Sulawesi Tengah","Posyandu",2001,2698
72,"Prov. Sulawesi Tengah","Posyandu",2002,2710
72,"Prov. Sulawesi Tengah","Posyandu",2003,2747
72,"Prov. Sulawesi Tengah","Posyandu",2004,2815
72,"Prov. Sulawesi Tengah","Posyandu",2005,2759
72,"Prov. Sulawesi Tengah","Posyandu",2006,2841
72,"Prov. Sulawesi Tengah","Posyandu",2007,2841
72,"Prov. Sulawesi Tengah","Posyandu",2008,1645
72,"Prov. Sulawesi Tengah","Posyandu",2009,3015
72,"Prov. Sulawesi Tengah","Posyandu",2010,3015
72,"Prov. Sulawesi Tengah","Posyandu",2011,3015
72,"Prov. Sulawesi Tengah","Posyandu",2012,3015
72,"Prov. Sulawesi Tengah","Puskesmas",2000,131
72,"Prov. Sulawesi Tengah","Puskesmas",2001,130
72,"Prov. Sulawesi Tengah","Puskesmas",2002,132
72,"Prov. Sulawesi Tengah","Puskesmas",2003,134
72,"Prov. Sulawesi Tengah","Puskesmas",2004,135
72,"Prov. Sulawesi Tengah","Puskesmas",2005,139
72,"Prov. Sulawesi Tengah","Puskesmas",2006,144
72,"Prov. Sulawesi Tengah","Puskesmas",2007,145
72,"Prov. Sulawesi Tengah","Puskesmas",2008,144
72,"Prov. Sulawesi Tengah","Puskesmas",2009,165
72,"Prov. Sulawesi Tengah","Puskesmas",2010,165
72,"Prov. Sulawesi Tengah","Puskesmas",2011,165
72,"Prov. Sulawesi Tengah","Puskesmas",2012,165
72,"Prov. Sulawesi Tengah","Pustu",2000,683
72,"Prov. Sulawesi Tengah","Pustu",2001,687
72,"Prov. Sulawesi Tengah","Pustu",2002,704
72,"Prov. Sulawesi Tengah","Pustu",2003,708
72,"Prov. Sulawesi Tengah","Pustu",2004,701
72,"Prov. Sulawesi Tengah","Pustu",2005,703
72,"Prov. Sulawesi Tengah","Pustu",2006,0
72,"Prov. Sulawesi Tengah","Pustu",2007,0
72,"Prov. Sulawesi Tengah","Pustu",2008,678
72,"Prov. Sulawesi Tengah","Pustu",2009,702
72,"Prov. Sulawesi Tengah","Pustu",2010,702
72,"Prov. Sulawesi Tengah","Pustu",2011,702
72,"Prov. Sulawesi Tengah","Pustu",2012,702
73,"Prov. Sulawesi Selatan","Polindes",2000,625
73,"Prov. Sulawesi Selatan","Polindes",2001,1171
73,"Prov. Sulawesi Selatan","Polindes",2002,711
73,"Prov. Sulawesi Selatan","Polindes",2003,716
73,"Prov. Sulawesi Selatan","Polindes",2004,700
73,"Prov. Sulawesi Selatan","Polindes",2005,758
73,"Prov. Sulawesi Selatan","Polindes",2006,1159
73,"Prov. Sulawesi Selatan","Polindes",2007,1159
73,"Prov. Sulawesi Selatan","Polindes",2008,611
73,"Prov. Sulawesi Selatan","Polindes",2009,0
73,"Prov. Sulawesi Selatan","Polindes",2010,0
73,"Prov. Sulawesi Selatan","Polindes",2011,0
73,"Prov. Sulawesi Selatan","Polindes",2012,0
73,"Prov. Sulawesi Selatan","Posyandu",2000,8680
73,"Prov. Sulawesi Selatan","Posyandu",2001,3581
73,"Prov. Sulawesi Selatan","Posyandu",2002,8762
73,"Prov. Sulawesi Selatan","Posyandu",2003,8240
73,"Prov. Sulawesi Selatan","Posyandu",2004,8579
73,"Prov. Sulawesi Selatan","Posyandu",2005,6416
73,"Prov. Sulawesi Selatan","Posyandu",2006,8579
73,"Prov. Sulawesi Selatan","Posyandu",2007,8579
73,"Prov. Sulawesi Selatan","Posyandu",2008,2915
73,"Prov. Sulawesi Selatan","Posyandu",2009,8097
73,"Prov. Sulawesi Selatan","Posyandu",2010,8097
73,"Prov. Sulawesi Selatan","Posyandu",2011,8097
73,"Prov. Sulawesi Selatan","Posyandu",2012,8097
73,"Prov. Sulawesi Selatan","Puskesmas",2000,355
73,"Prov. Sulawesi Selatan","Puskesmas",2001,356
73,"Prov. Sulawesi Selatan","Puskesmas",2002,367
73,"Prov. Sulawesi Selatan","Puskesmas",2003,376
73,"Prov. Sulawesi Selatan","Puskesmas",2004,333
73,"Prov. Sulawesi Selatan","Puskesmas",2005,347
73,"Prov. Sulawesi Selatan","Puskesmas",2006,362
73,"Prov. Sulawesi Selatan","Puskesmas",2007,374
73,"Prov. Sulawesi Selatan","Puskesmas",2008,395
73,"Prov. Sulawesi Selatan","Puskesmas",2009,395
73,"Prov. Sulawesi Selatan","Puskesmas",2010,395
73,"Prov. Sulawesi Selatan","Puskesmas",2011,395
73,"Prov. Sulawesi Selatan","Puskesmas",2012,395
73,"Prov. Sulawesi Selatan","Pustu",2000,1167
73,"Prov. Sulawesi Selatan","Pustu",2001,1141
73,"Prov. Sulawesi Selatan","Pustu",2002,1162
73,"Prov. Sulawesi Selatan","Pustu",2003,1161
73,"Prov. Sulawesi Selatan","Pustu",2004,955
73,"Prov. Sulawesi Selatan","Pustu",2005,1015
73,"Prov. Sulawesi Selatan","Pustu",2006,0
73,"Prov. Sulawesi Selatan","Pustu",2007,0
73,"Prov. Sulawesi Selatan","Pustu",2008,1265
73,"Prov. Sulawesi Selatan","Pustu",2009,1134
73,"Prov. Sulawesi Selatan","Pustu",2010,1134
73,"Prov. Sulawesi Selatan","Pustu",2011,1134
73,"Prov. Sulawesi Selatan","Pustu",2012,1134
74,"Prov. Sulawesi Tenggara","Polindes",2000,974
74,"Prov. Sulawesi Tenggara","Polindes",2001,329
74,"Prov. Sulawesi Tenggara","Polindes",2002,245
74,"Prov. Sulawesi Tenggara","Polindes",2003,235
74,"Prov. Sulawesi Tenggara","Polindes",2004,185
74,"Prov. Sulawesi Tenggara","Polindes",2005,246
74,"Prov. Sulawesi Tenggara","Polindes",2006,349
74,"Prov. Sulawesi Tenggara","Polindes",2007,349
74,"Prov. Sulawesi Tenggara","Polindes",2008,250
74,"Prov. Sulawesi Tenggara","Polindes",2009,0
74,"Prov. Sulawesi Tenggara","Polindes",2010,0
74,"Prov. Sulawesi Tenggara","Polindes",2011,0
74,"Prov. Sulawesi Tenggara","Polindes",2012,0
74,"Prov. Sulawesi Tenggara","Posyandu",2000,2715
74,"Prov. Sulawesi Tenggara","Posyandu",2001,1608
74,"Prov. Sulawesi Tenggara","Posyandu",2002,2715
74,"Prov. Sulawesi Tenggara","Posyandu",2003,2271
74,"Prov. Sulawesi Tenggara","Posyandu",2004,1736
74,"Prov. Sulawesi Tenggara","Posyandu",2005,1991
74,"Prov. Sulawesi Tenggara","Posyandu",2006,2479
74,"Prov. Sulawesi Tenggara","Posyandu",2007,2479
74,"Prov. Sulawesi Tenggara","Posyandu",2008,1952
74,"Prov. Sulawesi Tenggara","Posyandu",2009,2324
74,"Prov. Sulawesi Tenggara","Posyandu",2010,2324
74,"Prov. Sulawesi Tenggara","Posyandu",2011,2324
74,"Prov. Sulawesi Tenggara","Posyandu",2012,2324
74,"Prov. Sulawesi Tenggara","Puskesmas",2000,130
74,"Prov. Sulawesi Tenggara","Puskesmas",2001,130
74,"Prov. Sulawesi Tenggara","Puskesmas",2002,122
74,"Prov. Sulawesi Tenggara","Puskesmas",2003,115
74,"Prov. Sulawesi Tenggara","Puskesmas",2004,138
74,"Prov. Sulawesi Tenggara","Puskesmas",2005,139
74,"Prov. Sulawesi Tenggara","Puskesmas",2006,159
74,"Prov. Sulawesi Tenggara","Puskesmas",2007,153
74,"Prov. Sulawesi Tenggara","Puskesmas",2008,208
74,"Prov. Sulawesi Tenggara","Puskesmas",2009,223
74,"Prov. Sulawesi Tenggara","Puskesmas",2010,223
74,"Prov. Sulawesi Tenggara","Puskesmas",2011,223
74,"Prov. Sulawesi Tenggara","Puskesmas",2012,223
74,"Prov. Sulawesi Tenggara","Pustu",2000,472
74,"Prov. Sulawesi Tenggara","Pustu",2001,472
74,"Prov. Sulawesi Tenggara","Pustu",2002,458
74,"Prov. Sulawesi Tenggara","Pustu",2003,408
74,"Prov. Sulawesi Tenggara","Pustu",2004,476
74,"Prov. Sulawesi Tenggara","Pustu",2005,460
74,"Prov. Sulawesi Tenggara","Pustu",2006,0
74,"Prov. Sulawesi Tenggara","Pustu",2007,0
74,"Prov. Sulawesi Tenggara","Pustu",2008,496
74,"Prov. Sulawesi Tenggara","Pustu",2009,499
74,"Prov. Sulawesi Tenggara","Pustu",2010,499
74,"Prov. Sulawesi Tenggara","Pustu",2011,499
74,"Prov. Sulawesi Tenggara","Pustu",2012,499
75,"Prov. Gorontalo","Polindes",2000,0
75,"Prov. Gorontalo","Polindes",2001,273
75,"Prov. Gorontalo","Polindes",2002,203
75,"Prov. Gorontalo","Polindes",2003,305
75,"Prov. Gorontalo","Polindes",2004,262
75,"Prov. Gorontalo","Polindes",2005,267
75,"Prov. Gorontalo","Polindes",2006,266
75,"Prov. Gorontalo","Polindes",2007,266
75,"Prov. Gorontalo","Polindes",2008,239
75,"Prov. Gorontalo","Polindes",2009,0
75,"Prov. Gorontalo","Polindes",2010,0
75,"Prov. Gorontalo","Polindes",2011,0
75,"Prov. Gorontalo","Polindes",2012,0
75,"Prov. Gorontalo","Posyandu",2000,0
75,"Prov. Gorontalo","Posyandu",2001,1614
75,"Prov. Gorontalo","Posyandu",2002,680
75,"Prov. Gorontalo","Posyandu",2003,973
75,"Prov. Gorontalo","Posyandu",2004,953
75,"Prov. Gorontalo","Posyandu",2005,961
75,"Prov. Gorontalo","Posyandu",2006,1134
75,"Prov. Gorontalo","Posyandu",2007,1134
75,"Prov. Gorontalo","Posyandu",2008,574
75,"Prov. Gorontalo","Posyandu",2009,1228
75,"Prov. Gorontalo","Posyandu",2010,1228
75,"Prov. Gorontalo","Posyandu",2011,1228
75,"Prov. Gorontalo","Posyandu",2012,1228
75,"Prov. Gorontalo","Puskesmas",2000,39
75,"Prov. Gorontalo","Puskesmas",2001,40
75,"Prov. Gorontalo","Puskesmas",2002,39
75,"Prov. Gorontalo","Puskesmas",2003,47
75,"Prov. Gorontalo","Puskesmas",2004,44
75,"Prov. Gorontalo","Puskesmas",2005,45
75,"Prov. Gorontalo","Puskesmas",2006,55
75,"Prov. Gorontalo","Puskesmas",2007,55
75,"Prov. Gorontalo","Puskesmas",2008,73
75,"Prov. Gorontalo","Puskesmas",2009,75
75,"Prov. Gorontalo","Puskesmas",2010,75
75,"Prov. Gorontalo","Puskesmas",2011,75
75,"Prov. Gorontalo","Puskesmas",2012,75
75,"Prov. Gorontalo","Pustu",2000,216
75,"Prov. Gorontalo","Pustu",2001,248
75,"Prov. Gorontalo","Pustu",2002,263
75,"Prov. Gorontalo","Pustu",2003,247
75,"Prov. Gorontalo","Pustu",2004,221
75,"Prov. Gorontalo","Pustu",2005,218
75,"Prov. Gorontalo","Pustu",2006,0
75,"Prov. Gorontalo","Pustu",2007,0
75,"Prov. Gorontalo","Pustu",2008,226
75,"Prov. Gorontalo","Pustu",2009,235
75,"Prov. Gorontalo","Pustu",2010,235
75,"Prov. Gorontalo","Pustu",2011,235
75,"Prov. Gorontalo","Pustu",2012,235
76,"Prov. Sulawesi Barat","Polindes",2000,0
76,"Prov. Sulawesi Barat","Polindes",2001,0
76,"Prov. Sulawesi Barat","Polindes",2002,0
76,"Prov. Sulawesi Barat","Polindes",2003,0
76,"Prov. Sulawesi Barat","Polindes",2004,119
76,"Prov. Sulawesi Barat","Polindes",2005,115
76,"Prov. Sulawesi Barat","Polindes",2006,81
76,"Prov. Sulawesi Barat","Polindes",2007,81
76,"Prov. Sulawesi Barat","Polindes",2008,52
76,"Prov. Sulawesi Barat","Polindes",2009,0
76,"Prov. Sulawesi Barat","Polindes",2010,0
76,"Prov. Sulawesi Barat","Polindes",2011,0
76,"Prov. Sulawesi Barat","Polindes",2012,0
76,"Prov. Sulawesi Barat","Posyandu",2000,0
76,"Prov. Sulawesi Barat","Posyandu",2001,0
76,"Prov. Sulawesi Barat","Posyandu",2002,0
76,"Prov. Sulawesi Barat","Posyandu",2003,0
76,"Prov. Sulawesi Barat","Posyandu",2004,0
76,"Prov. Sulawesi Barat","Posyandu",2005,992
76,"Prov. Sulawesi Barat","Posyandu",2006,6825
76,"Prov. Sulawesi Barat","Posyandu",2007,6825
76,"Prov. Sulawesi Barat","Posyandu",2008,508
76,"Prov. Sulawesi Barat","Posyandu",2009,1441
76,"Prov. Sulawesi Barat","Posyandu",2010,1441
76,"Prov. Sulawesi Barat","Posyandu",2011,1441
76,"Prov. Sulawesi Barat","Posyandu",2012,1441
76,"Prov. Sulawesi Barat","Puskesmas",2000,0
76,"Prov. Sulawesi Barat","Puskesmas",2001,0
76,"Prov. Sulawesi Barat","Puskesmas",2002,0
76,"Prov. Sulawesi Barat","Puskesmas",2003,0
76,"Prov. Sulawesi Barat","Puskesmas",2004,50
76,"Prov. Sulawesi Barat","Puskesmas",2005,50
76,"Prov. Sulawesi Barat","Puskesmas",2006,62
76,"Prov. Sulawesi Barat","Puskesmas",2007,66
76,"Prov. Sulawesi Barat","Puskesmas",2008,70
76,"Prov. Sulawesi Barat","Puskesmas",2009,77
76,"Prov. Sulawesi Barat","Puskesmas",2010,77
76,"Prov. Sulawesi Barat","Puskesmas",2011,77
76,"Prov. Sulawesi Barat","Puskesmas",2012,77
76,"Prov. Sulawesi Barat","Pustu",2000,0
76,"Prov. Sulawesi Barat","Pustu",2001,0
76,"Prov. Sulawesi Barat","Pustu",2002,0
76,"Prov. Sulawesi Barat","Pustu",2003,0
76,"Prov. Sulawesi Barat","Pustu",2004,212
76,"Prov. Sulawesi Barat","Pustu",2005,213
76,"Prov. Sulawesi Barat","Pustu",2006,0
76,"Prov. Sulawesi Barat","Pustu",2007,0
76,"Prov. Sulawesi Barat","Pustu",2008,267
76,"Prov. Sulawesi Barat","Pustu",2009,289
76,"Prov. Sulawesi Barat","Pustu",2010,289
76,"Prov. Sulawesi Barat","Pustu",2011,289
76,"Prov. Sulawesi Barat","Pustu",2012,289
81,"Prov. Maluku","Polindes",2000,0
81,"Prov. Maluku","Polindes",2001,0
81,"Prov. Maluku","Polindes",2002,830
81,"Prov. Maluku","Polindes",2003,280
81,"Prov. Maluku","Polindes",2004,83
81,"Prov. Maluku","Polindes",2005,81
81,"Prov. Maluku","Polindes",2006,208
81,"Prov. Maluku","Polindes",2007,208
81,"Prov. Maluku","Polindes",2008,139
81,"Prov. Maluku","Polindes",2009,0
81,"Prov. Maluku","Polindes",2010,0
81,"Prov. Maluku","Polindes",2011,0
81,"Prov. Maluku","Polindes",2012,0
81,"Prov. Maluku","Posyandu",2000,2432
81,"Prov. Maluku","Posyandu",2001,269
81,"Prov. Maluku","Posyandu",2002,0
81,"Prov. Maluku","Posyandu",2003,1400
81,"Prov. Maluku","Posyandu",2004,1360
81,"Prov. Maluku","Posyandu",2005,987
81,"Prov. Maluku","Posyandu",2006,1360
81,"Prov. Maluku","Posyandu",2007,1360
81,"Prov. Maluku","Posyandu",2008,837
81,"Prov. Maluku","Posyandu",2009,1894
81,"Prov. Maluku","Posyandu",2010,1894
81,"Prov. Maluku","Posyandu",2011,1894
81,"Prov. Maluku","Posyandu",2012,1894
81,"Prov. Maluku","Puskesmas",2000,96
81,"Prov. Maluku","Puskesmas",2001,100
81,"Prov. Maluku","Puskesmas",2002,96
81,"Prov. Maluku","Puskesmas",2003,98
81,"Prov. Maluku","Puskesmas",2004,103
81,"Prov. Maluku","Puskesmas",2005,109
81,"Prov. Maluku","Puskesmas",2006,125
81,"Prov. Maluku","Puskesmas",2007,142
81,"Prov. Maluku","Puskesmas",2008,153
81,"Prov. Maluku","Puskesmas",2009,135
81,"Prov. Maluku","Puskesmas",2010,135
81,"Prov. Maluku","Puskesmas",2011,135
81,"Prov. Maluku","Puskesmas",2012,135
81,"Prov. Maluku","Pustu",2000,291
81,"Prov. Maluku","Pustu",2001,306
81,"Prov. Maluku","Pustu",2002,291
81,"Prov. Maluku","Pustu",2003,308
81,"Prov. Maluku","Pustu",2004,340
81,"Prov. Maluku","Pustu",2005,356
81,"Prov. Maluku","Pustu",2006,0
81,"Prov. Maluku","Pustu",2007,0
81,"Prov. Maluku","Pustu",2008,384
81,"Prov. Maluku","Pustu",2009,340
81,"Prov. Maluku","Pustu",2010,340
81,"Prov. Maluku","Pustu",2011,340
81,"Prov. Maluku","Pustu",2012,340
82,"Prov. Maluku Utara","Polindes",2000,0
82,"Prov. Maluku Utara","Polindes",2001,0
82,"Prov. Maluku Utara","Polindes",2002,0
82,"Prov. Maluku Utara","Polindes",2003,0
82,"Prov. Maluku Utara","Polindes",2004,353
82,"Prov. Maluku Utara","Polindes",2005,352
82,"Prov. Maluku Utara","Polindes",2006,0
82,"Prov. Maluku Utara","Polindes",2007,0
82,"Prov. Maluku Utara","Polindes",2008,205
82,"Prov. Maluku Utara","Polindes",2009,0
82,"Prov. Maluku Utara","Polindes",2010,0
82,"Prov. Maluku Utara","Polindes",2011,0
82,"Prov. Maluku Utara","Polindes",2012,0
82,"Prov. Maluku Utara","Posyandu",2000,0
82,"Prov. Maluku Utara","Posyandu",2001,0
82,"Prov. Maluku Utara","Posyandu",2002,0
82,"Prov. Maluku Utara","Posyandu",2003,0
82,"Prov. Maluku Utara","Posyandu",2004,0
82,"Prov. Maluku Utara","Posyandu",2005,1112
82,"Prov. Maluku Utara","Posyandu",2006,0
82,"Prov. Maluku Utara","Posyandu",2007,0
82,"Prov. Maluku Utara","Posyandu",2008,981
82,"Prov. Maluku Utara","Posyandu",2009,1318
82,"Prov. Maluku Utara","Posyandu",2010,1318
82,"Prov. Maluku Utara","Posyandu",2011,1318
82,"Prov. Maluku Utara","Posyandu",2012,1318
82,"Prov. Maluku Utara","Puskesmas",2000,52
82,"Prov. Maluku Utara","Puskesmas",2001,46
82,"Prov. Maluku Utara","Puskesmas",2002,49
82,"Prov. Maluku Utara","Puskesmas",2003,53
82,"Prov. Maluku Utara","Puskesmas",2004,55
82,"Prov. Maluku Utara","Puskesmas",2005,56
82,"Prov. Maluku Utara","Puskesmas",2006,62
82,"Prov. Maluku Utara","Puskesmas",2007,64
82,"Prov. Maluku Utara","Puskesmas",2008,91
82,"Prov. Maluku Utara","Puskesmas",2009,96
82,"Prov. Maluku Utara","Puskesmas",2010,96
82,"Prov. Maluku Utara","Puskesmas",2011,96
82,"Prov. Maluku Utara","Puskesmas",2012,96
82,"Prov. Maluku Utara","Pustu",2000,210
82,"Prov. Maluku Utara","Pustu",2001,192
82,"Prov. Maluku Utara","Pustu",2002,224
82,"Prov. Maluku Utara","Pustu",2003,221
82,"Prov. Maluku Utara","Pustu",2004,212
82,"Prov. Maluku Utara","Pustu",2005,213
82,"Prov. Maluku Utara","Pustu",2006,0
82,"Prov. Maluku Utara","Pustu",2007,0
82,"Prov. Maluku Utara","Pustu",2008,203
82,"Prov. Maluku Utara","Pustu",2009,242
82,"Prov. Maluku Utara","Pustu",2010,242
82,"Prov. Maluku Utara","Pustu",2011,242
82,"Prov. Maluku Utara","Pustu",2012,242
91,"Prov. Papua Barat","Polindes",2000,0
91,"Prov. Papua Barat","Polindes",2001,0
91,"Prov. Papua Barat","Polindes",2002,0
91,"Prov. Papua Barat","Polindes",2003,0
91,"Prov. Papua Barat","Polindes",2004,59
91,"Prov. Papua Barat","Polindes",2005,166
91,"Prov. Papua Barat","Polindes",2006,167
91,"Prov. Papua Barat","Polindes",2007,302
91,"Prov. Papua Barat","Polindes",2008,218
91,"Prov. Papua Barat","Polindes",2009,0
91,"Prov. Papua Barat","Polindes",2010,0
91,"Prov. Papua Barat","Polindes",2011,0
91,"Prov. Papua Barat","Polindes",2012,0
91,"Prov. Papua Barat","Posyandu",2000,0
91,"Prov. Papua Barat","Posyandu",2001,0
91,"Prov. Papua Barat","Posyandu",2002,0
91,"Prov. Papua Barat","Posyandu",2003,0
91,"Prov. Papua Barat","Posyandu",2004,0
91,"Prov. Papua Barat","Posyandu",2005,448
91,"Prov. Papua Barat","Posyandu",2006,0
91,"Prov. Papua Barat","Posyandu",2007,1055
91,"Prov. Papua Barat","Posyandu",2008,791
91,"Prov. Papua Barat","Posyandu",2009,1122
91,"Prov. Papua Barat","Posyandu",2010,1122
91,"Prov. Papua Barat","Posyandu",2011,1122
91,"Prov. Papua Barat","Posyandu",2012,1122
91,"Prov. Papua Barat","Puskesmas",2000,0
91,"Prov. Papua Barat","Puskesmas",2001,0
91,"Prov. Papua Barat","Puskesmas",2002,0
91,"Prov. Papua Barat","Puskesmas",2003,0
91,"Prov. Papua Barat","Puskesmas",2004,55
91,"Prov. Papua Barat","Puskesmas",2005,60
91,"Prov. Papua Barat","Puskesmas",2006,81
91,"Prov. Papua Barat","Puskesmas",2007,83
91,"Prov. Papua Barat","Puskesmas",2008,96
91,"Prov. Papua Barat","Puskesmas",2009,105
91,"Prov. Papua Barat","Puskesmas",2010,105
91,"Prov. Papua Barat","Puskesmas",2011,105
91,"Prov. Papua Barat","Puskesmas",2012,105
91,"Prov. Papua Barat","Pustu",2000,0
91,"Prov. Papua Barat","Pustu",2001,0
91,"Prov. Papua Barat","Pustu",2002,0
91,"Prov. Papua Barat","Pustu",2003,0
91,"Prov. Papua Barat","Pustu",2004,236
91,"Prov. Papua Barat","Pustu",2005,233
91,"Prov. Papua Barat","Pustu",2006,0
91,"Prov. Papua Barat","Pustu",2007,0
91,"Prov. Papua Barat","Pustu",2008,352
91,"Prov. Papua Barat","Pustu",2009,249
91,"Prov. Papua Barat","Pustu",2010,249
91,"Prov. Papua Barat","Pustu",2011,249
91,"Prov. Papua Barat","Pustu",2012,249
94,"Prov. Papua","Polindes",2000,1399
94,"Prov. Papua","Polindes",2001,582
94,"Prov. Papua","Polindes",2002,1399
94,"Prov. Papua","Polindes",2003,110
94,"Prov. Papua","Polindes",2004,279
94,"Prov. Papua","Polindes",2005,346
94,"Prov. Papua","Polindes",2006,302
94,"Prov. Papua","Polindes",2007,167
94,"Prov. Papua","Polindes",2008,295
94,"Prov. Papua","Polindes",2009,0
94,"Prov. Papua","Polindes",2010,0
94,"Prov. Papua","Polindes",2011,0
94,"Prov. Papua","Polindes",2012,0
94,"Prov. Papua","Posyandu",2000,2704
94,"Prov. Papua","Posyandu",2001,840
94,"Prov. Papua","Posyandu",2002,2704
94,"Prov. Papua","Posyandu",2003,7126
94,"Prov. Papua","Posyandu",2004,7116
94,"Prov. Papua","Posyandu",2005,1270
94,"Prov. Papua","Posyandu",2006,2648
94,"Prov. Papua","Posyandu",2007,0
94,"Prov. Papua","Posyandu",2008,1507
94,"Prov. Papua","Posyandu",2009,2190
94,"Prov. Papua","Posyandu",2010,2190
94,"Prov. Papua","Posyandu",2011,2190
94,"Prov. Papua","Posyandu",2012,2190
94,"Prov. Papua","Puskesmas",2000,200
94,"Prov. Papua","Puskesmas",2001,221
94,"Prov. Papua","Puskesmas",2002,215
94,"Prov. Papua","Puskesmas",2003,217
94,"Prov. Papua","Puskesmas",2004,167
94,"Prov. Papua","Puskesmas",2005,168
94,"Prov. Papua","Puskesmas",2006,236
94,"Prov. Papua","Puskesmas",2007,246
94,"Prov. Papua","Puskesmas",2008,236
94,"Prov. Papua","Puskesmas",2009,266
94,"Prov. Papua","Puskesmas",2010,266
94,"Prov. Papua","Puskesmas",2011,266
94,"Prov. Papua","Puskesmas",2012,266
94,"Prov. Papua","Pustu",2000,784
94,"Prov. Papua","Pustu",2001,800
94,"Prov. Papua","Pustu",2002,844
94,"Prov. Papua","Pustu",2003,789
94,"Prov. Papua","Pustu",2004,546
94,"Prov. Papua","Pustu",2005,551
94,"Prov. Papua","Pustu",2006,0
94,"Prov. Papua","Pustu",2007,0
94,"Prov. Papua","Pustu",2008,649
94,"Prov. Papua","Pustu",2009,550
94,"Prov. Papua","Pustu",2010,550
94,"Prov. Papua","Pustu",2011,550
94,"Prov. Papua","Pustu",2012,550
